,Date Submitted,Workout Date,Activity Type,Calories Burned (kCal),Distance (mi),Workout Time (seconds),Avg Pace (min/mi),Max Pace,Avg Speed (mi/h),Max Speed,Avg Heart Rate,Steps,Notes,Source,Link,Calculated
0,2022-04-23,2022-04-23,Run,404,3.1,1604,8.62,0.0,6.96,0.0,104.45,4312.0,b'',Map My Fitness MapMyRun iPhone,http://www.mapmyfitness.com/workout/6531527377,26.733333333333334
1,2022-04-23,2022-04-23,Run,403,3.1,1659,8.92,0.0,6.73,0.0,104.45,4444.0,b'',Map My Fitness MapMyRun iPhone,http://www.mapmyfitness.com/workout/6530209972,27.65
2,2022-04-22,2022-04-22,Run,406,3.1,1700,9.14,0.0,6.56,0.0,104.45,4542.0,b'',Map My Fitness MapMyRun iPhone,http://www.mapmyfitness.com/workout/6528199306,28.333333333333332
3,2022-04-21,2022-04-21,Run,412,3.1,1747,9.37,8.78,6.4,6.84,159.0,4639.0,b'',Map My Fitness MapMyRun iPhone,http://www.mapmyfitness.com/workout/6526547335,29.116666666666667
4,2022-04-19,2022-04-19,Run,650,5.02,2863,9.5,8.6,6.32,6.98,152.0,7656.0,b'',Map My Fitness MapMyRun iPhone,http://www.mapmyfitness.com/workout/6522224401,47.71666666666667
5,2022-04-18,2022-04-18,Run,407,3.1,1766,9.48,8.6,6.33,6.97,153.0,4696.0,b'',Map My Fitness MapMyRun iPhone,http://www.mapmyfitness.com/workout/6520116703,29.433333333333334
6,2022-04-19,2022-04-17,Run,414,3.1,1800,9.68,0.0,6.2,0.0,104.45,4781.0,b'',Map My Fitness MapMyRun iPhone,http://www.mapmyfitness.com/workout/6523663267,30.0
7,2022-04-15,2022-04-15,Run,405,3.1,1694,9.11,0.0,6.59,0.0,104.45,4527.0,b'',Map My Fitness MapMyRun iPhone,http://www.mapmyfitness.com/workout/6515709280,28.233333333333334
8,2022-04-15,2022-04-15,Run,312,2.34,1384,9.86,7.92,6.08,7.57,151.0,3557.0,b'',Map My Fitness MapMyRun iPhone,http://www.mapmyfitness.com/workout/6515052958,23.066666666666666
9,2022-04-10,2022-04-10,Run,416,3.1,1820,9.78,0.0,6.13,0.0,104.45,4829.0,b'',Map My Fitness MapMyRun iPhone,http://www.mapmyfitness.com/workout/6504905743,30.333333333333332
10,2022-04-09,2022-04-09,Run,1070,7.53,4924,10.91,8.82,5.5,6.81,156.0,13023.0,b'',Map My Fitness MapMyRun iPhone,http://www.mapmyfitness.com/workout/6502480642,82.06666666666666
11,2022-04-03,2022-04-03,Run,30,0.25,145,9.57,8.95,6.27,6.71,144.0,372.0,b'',Map My Fitness MapMyRun iPhone,http://www.mapmyfitness.com/workout/6490051426,2.4166666666666665
12,2022-04-03,2022-04-03,Run,881,6.2,3852,10.35,8.11,5.8,7.39,161.0,10290.0,b'',Map My Fitness MapMyRun iPhone,http://www.mapmyfitness.com/workout/6489971440,64.2
13,2022-03-31,2022-03-31,Run,411,3.1,1761,9.47,0.0,6.34,0.0,104.45,4688.0,b'',Map My Fitness MapMyRun iPhone,http://www.mapmyfitness.com/workout/6485079649,29.35
14,2022-03-31,2022-03-27,Run,93,0.66,394,9.9,9.02,6.06,6.65,148.0,999.0,b'',Map My Fitness MapMyRun iPhone,http://www.mapmyfitness.com/workout/6485079682,6.566666666666666
15,2022-03-31,2022-03-27,Run,402,3.1,1811,9.72,7.5,6.17,8.0,155.0,4714.0,b'',Map My Fitness MapMyRun iPhone,http://www.mapmyfitness.com/workout/6485079163,30.183333333333334
16,2022-03-25,2022-03-25,Run,406,3.1,1704,9.16,0.0,6.55,0.0,104.45,4551.0,b'',Map My Fitness MapMyRun iPhone,http://www.mapmyfitness.com/workout/6472625521,28.4
17,2022-03-25,2022-03-23,Run,415,3.1,1803,9.69,0.0,6.19,0.0,104.45,4788.0,b'',Map My Fitness MapMyRun iPhone,http://www.mapmyfitness.com/workout/6472625032,30.05
18,2022-03-20,2022-03-20,Run,837,6.2,3694,9.93,0.0,6.04,0.0,104.45,9787.0,b'',Map My Fitness MapMyRun iPhone,http://www.mapmyfitness.com/workout/6461523061,61.56666666666667
19,2022-03-19,2022-03-19,Run,830,6.2,3613,9.71,0.0,6.18,0.0,104.45,9593.0,b'',Map My Fitness MapMyRun iPhone,http://www.mapmyfitness.com/workout/6459644329,60.21666666666667
20,2022-03-14,2022-03-13,Run,418,3.1,1847,9.93,0.0,6.04,0.0,104.45,4893.0,b'',Map My Fitness MapMyRun iPhone,http://www.mapmyfitness.com/workout/6448408846,30.783333333333335
21,2022-03-11,2022-03-11,Run,817,6.2,3834,10.3,0.96,5.83,62.45,155.0,10219.0,b'',Map My Fitness MapMyRun iPhone,http://www.mapmyfitness.com/workout/6441968989,63.9
22,2022-03-11,2022-03-10,Run,410,3.1,1750,9.41,0.0,6.38,0.0,104.45,4661.0,b'',Map My Fitness MapMyRun iPhone,http://www.mapmyfitness.com/workout/6441973732,29.166666666666668
23,2022-03-09,2022-03-09,Run,411,3.1,1757,9.45,0.0,6.35,0.0,104.45,4678.0,b'',Map My Fitness MapMyRun iPhone,http://www.mapmyfitness.com/workout/6434423176,29.283333333333335
24,2022-03-06,2022-03-06,Run,1854,13.1,9189,11.69,0.68,5.13,88.3,156.0,22087.0,b'Run the Alamo Half Marathon',Map My Fitness MapMyRun iPhone,http://www.mapmyfitness.com/workout/6429988507,153.15
25,2022-03-05,2022-03-05,Run,422,3.1,1886,10.14,0.0,5.92,0.0,104.45,4987.0,b'',Map My Fitness MapMyRun iPhone,http://www.mapmyfitness.com/workout/6428785840,31.433333333333334
27,2022-03-01,2022-03-01,Run,1464,10.51,6776,10.75,0.0,5.58,0.0,104.45,18259.0,b'',Map My Fitness MapMyRun iPhone,http://www.mapmyfitness.com/workout/6420580498,112.93333333333334
28,2022-02-27,2022-02-27,Run,824,6.2,3548,9.54,0.0,6.29,0.0,104.45,9437.0,b'',Map My Fitness MapMyRun iPhone,http://www.mapmyfitness.com/workout/6418309351,59.13333333333333
29,2022-02-27,2022-02-27,Run,791,5.75,3600,10.43,0.0,5.75,0.0,104.45,9493.0,b'',Map My Fitness MapMyRun iPhone,http://www.mapmyfitness.com/workout/6416411878,60.0
30,2022-02-23,2022-02-23,Run,404,3.1,1600,8.6,0.0,6.98,0.0,104.45,4303.0,b'',Map My Fitness MapMyRun iPhone,http://www.mapmyfitness.com/workout/6409595890,26.666666666666668
32,2022-02-21,2022-02-21,Run,475,3.61,2071,9.57,0.94,6.27,63.82,161.0,5569.0,b'',Map My Fitness MapMyRun iPhone,http://www.mapmyfitness.com/workout/6406053613,34.516666666666666
33,2022-02-19,2022-02-17,Run,403,3.1,1620,8.71,0.0,6.89,0.0,104.45,4350.0,b'',Map My Fitness MapMyRun iPhone,http://www.mapmyfitness.com/workout/6402870877,27.0
34,2022-02-19,2022-02-16,Run,265,2.0,1132,9.43,0.0,6.36,0.0,104.45,3014.0,b'',Map My Fitness MapMyRun iPhone,http://www.mapmyfitness.com/workout/6402870073,18.866666666666667
35,2022-02-13,2022-02-13,Run,403,3.1,1611,8.66,0.0,6.93,0.0,104.45,4329.0,b'',Map My Fitness MapMyRun iPhone,http://www.mapmyfitness.com/workout/6391806598,26.85
36,2022-02-12,2022-02-12,Run,411,3.1,1767,9.5,0.0,6.32,0.0,104.45,4702.0,b'',Map My Fitness MapMyRun iPhone,http://www.mapmyfitness.com/workout/6390010483,29.45
37,2022-02-12,2022-02-11,Run,403,3.1,1641,8.82,0.0,6.8,0.0,104.45,4401.0,b'',Map My Fitness MapMyRun iPhone,http://www.mapmyfitness.com/workout/6390011467,27.35
38,2022-02-12,2022-02-10,Run,397,3.1,1521,8.18,0.0,7.34,0.0,104.45,4114.0,b'',Map My Fitness MapMyRun iPhone,http://www.mapmyfitness.com/workout/6390012181,25.35
39,2022-02-02,2022-02-02,Run,399,3.1,1722,9.24,1.55,6.49,38.76,151.0,4592.0,b'',Map My Fitness MapMyRun iPhone,http://www.mapmyfitness.com/workout/6369855043,28.7
41,2022-02-01,2022-02-01,Run,400,3.11,1718,9.21,0.41,6.51,146.01,150.0,4610.0,b'',Map My Fitness MapMyRun iPhone,http://www.mapmyfitness.com/workout/6367769863,28.633333333333333
42,2022-01-31,2022-01-31,Run,54,0.44,219,8.26,4.37,7.27,13.74,156.0,576.0,b'',Map My Fitness MapMyRun iPhone,http://www.mapmyfitness.com/workout/6365763724,3.65
43,2022-01-31,2022-01-31,Run,287,2.23,1172,8.74,4.01,6.87,14.97,156.0,3126.0,b'',Map My Fitness MapMyRun iPhone,http://www.mapmyfitness.com/workout/6365707822,19.533333333333335
44,2022-01-30,2022-01-30,Run,416,3.2,1707,8.89,0.0,6.75,0.0,104.45,4574.0,b'',Map My Fitness MapMyRun iPhone,http://www.mapmyfitness.com/workout/6364271773,28.45
45,2022-01-29,2022-01-29,Run,455,3.29,2359,11.95,0.0,5.02,0.0,104.45,6147.0,b'',Map My Fitness MapMyRun iPhone,http://www.mapmyfitness.com/workout/6362564272,39.31666666666667
46,2022-01-26,2022-01-26,Run,404,3.11,1727,9.26,0.45,6.48,134.38,160.0,4630.0,b'',Map My Fitness MapMyRun iPhone,http://www.mapmyfitness.com/workout/6356587606,28.783333333333335
47,2022-01-26,2022-01-26,Run,403,3.1,1610,8.66,0.0,6.93,0.0,104.45,4326.0,b'',Map My Fitness MapMyRun iPhone,http://www.mapmyfitness.com/workout/6356066179,26.833333333333332
48,2022-01-23,2022-01-23,Run,404,3.1,1599,8.6,0.0,6.98,0.0,104.45,4300.0,b'',Map My Fitness MapMyRun iPhone,http://www.mapmyfitness.com/workout/6351211903,26.65
49,2022-01-22,2022-01-22,Run,403,3.1,1647,8.85,0.0,6.78,0.0,104.45,4415.0,b'',Map My Fitness MapMyRun iPhone,http://www.mapmyfitness.com/workout/6348825211,27.45
50,2022-01-22,2022-01-20,Run,345,2.5,1578,10.52,0.0,5.7,0.0,104.45,5532.0,b'',Map My Fitness MapMyRun iPhone,http://www.mapmyfitness.com/workout/6348824773,26.3
52,2022-01-18,2022-01-18,Run,292,2.24,1331,9.9,0.43,6.06,139.64,146.0,3526.0,b'',Map My Fitness MapMyRun iPhone,http://www.mapmyfitness.com/workout/6340597927,22.183333333333334
53,2022-01-17,2022-01-17,Run,839,6.2,3720,10.0,0.0,6.0,0.0,104.45,9849.0,b'',Map My Fitness MapMyRun iPhone,http://www.mapmyfitness.com/workout/6339707425,62.0
54,2022-01-15,2022-01-15,Run,403,3.1,1672,8.99,0.0,6.67,0.0,104.45,4475.0,b'',Map My Fitness MapMyRun iPhone,http://www.mapmyfitness.com/workout/6335764639,27.866666666666667
55,2022-01-13,2022-01-13,Run,401,3.1,1775,9.53,0.44,6.29,136.22,150.0,4736.0,b'',Map My Fitness MapMyRun iPhone,http://www.mapmyfitness.com/workout/6330806437,29.583333333333332
56,2022-01-12,2022-01-12,Run,408,3.1,1821,9.77,1.0,6.14,60.15,154.0,4852.0,b'',Map My Fitness MapMyRun iPhone,http://www.mapmyfitness.com/workout/6328739791,30.35
57,2022-01-11,2022-01-11,Run,827,6.2,3703,9.95,0.97,6.03,61.62,156.0,9778.0,b'',Map My Fitness MapMyRun iPhone,http://www.mapmyfitness.com/workout/6326766943,61.71666666666667
58,2022-01-10,2022-01-10,Run,403,3.1,1647,8.85,31.95,6.78,1.88,158.0,4217.0,b'',Map My Fitness MapMyRun iPhone,http://www.mapmyfitness.com/workout/6326144416,27.45
60,2022-01-09,2022-01-09,Run,344,2.67,1485,9.26,4.44,6.48,13.52,157.0,3932.0,b'',Map My Fitness MapMyRun iPhone,http://www.mapmyfitness.com/workout/6323535175,24.75
61,2022-01-09,2022-01-08,Run,406,3.1,1704,9.16,0.0,6.55,0.0,104.45,4551.0,b'',Map My Fitness MapMyRun iPhone,http://www.mapmyfitness.com/workout/6323473642,28.4
62,2022-01-03,2022-01-03,Run,404,3.1,1599,8.6,0.0,6.98,0.0,104.45,4300.0,b'',Map My Fitness MapMyRun iPhone,http://www.mapmyfitness.com/workout/6312478354,26.65
63,2022-01-01,2022-01-01,Run,402,3.1,1575,8.47,0.0,7.09,0.0,104.45,4243.0,b'',Map My Fitness MapMyRun iPhone,http://www.mapmyfitness.com/workout/6308745433,26.25
64,2021-12-31,2021-12-31,Run,397,3.1,1521,8.18,0.0,7.34,0.0,104.45,4114.0,b'',Map My Fitness MapMyRun iPhone,http://www.mapmyfitness.com/workout/6306749530,25.35
65,2021-12-30,2021-12-29,Run,405,3.1,1692,9.1,0.0,6.6,0.0,104.45,4523.0,b'',Map My Fitness MapMyRun iPhone,http://www.mapmyfitness.com/workout/6304025011,28.2
66,2021-12-30,2021-12-28,Run,411,3.1,1760,9.46,0.0,6.34,0.0,104.45,4685.0,b'',Map My Fitness MapMyRun iPhone,http://www.mapmyfitness.com/workout/6304025116,29.333333333333332
67,2021-12-30,2021-12-27,Run,404,3.1,1686,9.06,0.0,6.62,0.0,104.45,4508.0,b'',Map My Fitness MapMyRun iPhone,http://www.mapmyfitness.com/workout/6304025392,28.1
68,2021-12-23,2021-12-23,Run,816,6.2,3744,10.06,0.45,5.97,134.02,151.0,9888.0,b'',Map My Fitness MapMyRun iPhone,http://www.mapmyfitness.com/workout/6294357232,62.4
69,2021-12-22,2021-12-22,Run,720,6.2,3633,9.76,0.8,6.15,74.94,149.0,9628.0,b'',Map My Fitness MapMyRun iPhone,http://www.mapmyfitness.com/workout/6292982455,60.55
70,2021-12-21,2021-12-20,Run,448,3.23,2058,10.62,0.0,5.65,0.0,104.45,5418.0,b'',Map My Fitness MapMyRun iPhone,http://www.mapmyfitness.com/workout/6291245980,34.3
71,2021-12-18,2021-12-18,Run,821,6.18,3397,9.15,1.4,6.55,42.74,163.0,9059.0,b'',Map My Fitness MapMyRun iPhone,http://www.mapmyfitness.com/workout/6288004690,56.61666666666667
72,2021-12-16,2021-12-16,Run,401,3.1,1717,9.21,6.81,6.52,8.81,149.0,4535.0,b'',Map My Fitness MapMyRun iPhone,http://www.mapmyfitness.com/workout/6284245765,28.616666666666667
73,2021-12-15,2021-12-15,Run,403,3.1,1642,8.83,0.0,6.8,0.0,104.45,4403.0,b'',Map My Fitness MapMyRun iPhone,http://www.mapmyfitness.com/workout/6283520806,27.366666666666667
74,2021-12-15,2021-12-14,Run,405,3.1,1690,9.09,0.0,6.6,0.0,104.45,4518.0,b'',Map My Fitness MapMyRun iPhone,http://www.mapmyfitness.com/workout/6283521190,28.166666666666668
75,2021-12-13,2021-12-13,Run,410,3.07,1774,9.62,0.43,6.24,140.87,0.0,4702.0,b'',Map My Fitness MapMyRun iPhone,http://www.mapmyfitness.com/workout/6279239725,29.566666666666666
76,2021-12-10,2021-12-10,Run,870,6.2,3890,10.45,0.48,5.74,125.07,148.0,10214.0,b'',Map My Fitness MapMyRun iPhone,http://www.mapmyfitness.com/workout/6274746847,64.83333333333333
77,2021-12-09,2021-12-09,Run,399,3.11,1743,9.35,1.34,6.42,44.72,156.0,4610.0,b'',Map My Fitness MapMyRun iPhone,http://www.mapmyfitness.com/workout/6273255502,29.05
78,2021-12-05,2021-12-05,Run,1876,13.13,9540,12.11,1.35,4.96,44.43,148.0,22488.0,b'',Map My Fitness MapMyRun iPhone,http://www.mapmyfitness.com/workout/6266963680,159.0
79,2021-12-04,2021-12-04,Run,829,6.2,3600,9.68,0.0,6.2,0.0,104.45,9562.0,b'',Map My Fitness MapMyRun iPhone,http://www.mapmyfitness.com/workout/6266032000,60.0
80,2021-12-03,2021-12-03,Run,852,6.21,3784,10.15,0.46,5.91,129.94,157.0,9940.0,b'',Map My Fitness MapMyRun iPhone,http://www.mapmyfitness.com/workout/6263458036,63.06666666666667
81,2021-12-02,2021-12-02,Run,460,3.58,2187,10.18,1.05,5.89,57.3,150.0,5802.0,b'',Map My Fitness MapMyRun iPhone,http://www.mapmyfitness.com/workout/6261701866,36.45
82,2021-12-01,2021-12-01,Run,866,6.21,3840,10.3,1.07,5.83,55.98,159.0,10188.0,b'',Map My Fitness MapMyRun iPhone,http://www.mapmyfitness.com/workout/6259875835,64.0
83,2021-12-02,2021-11-30,Run,420,3.1,2292,12.32,0.0,4.87,0.0,104.45,5958.0,b'',Map My Fitness MapMyRun iPhone,http://www.mapmyfitness.com/workout/6261741850,38.2
84,2021-11-28,2021-11-28,Run,386,2.79,1799,10.73,1.31,5.59,45.65,159.0,4505.0,b'',Map My Fitness MapMyRun iPhone,http://www.mapmyfitness.com/workout/6255262927,29.983333333333334
85,2021-11-23,2021-11-23,Run,674,5.0,2966,9.89,0.0,6.07,0.0,104.45,7861.0,b'',Map My Fitness MapMyRun iPhone,http://www.mapmyfitness.com/workout/6246150541,49.43333333333333
86,2021-11-22,2021-11-22,Run,400,3.11,1783,9.55,4.62,6.28,12.98,150.0,4789.0,b'',Map My Fitness MapMyRun iPhone,http://www.mapmyfitness.com/workout/6244334491,29.716666666666665
87,2021-11-20,2021-11-20,Run,410,3.1,1748,9.4,0.0,6.38,0.0,104.45,4656.0,b'',Map My Fitness MapMyRun iPhone,http://www.mapmyfitness.com/workout/6242020141,29.133333333333333
88,2021-11-17,2021-11-17,Run,408,3.1,1723,9.26,0.0,6.48,0.0,104.45,4597.0,b'',Map My Fitness MapMyRun iPhone,http://www.mapmyfitness.com/workout/6236784922,28.716666666666665
89,2021-11-17,2021-11-16,Run,416,3.1,1818,9.77,0.0,6.14,0.0,104.45,4824.0,b'',Map My Fitness MapMyRun iPhone,http://www.mapmyfitness.com/workout/6236785378,30.3
90,2021-11-15,2021-11-15,Run,421,3.18,1800,9.43,0.0,6.36,0.0,104.45,4793.0,b'',Map My Fitness MapMyRun iPhone,http://www.mapmyfitness.com/workout/6231187741,30.0
91,2021-11-14,2021-11-14,Run,837,6.3,3600,9.52,0.0,6.3,0.0,104.45,9577.0,b'',Map My Fitness MapMyRun iPhone,http://www.mapmyfitness.com/workout/6230450374,60.0
92,2021-11-13,2021-11-13,Run,834,6.26,3600,9.58,0.0,6.26,0.0,104.45,9571.0,b'',Map My Fitness MapMyRun iPhone,http://www.mapmyfitness.com/workout/6228459844,60.0
93,2021-11-12,2021-11-12,Run,421,3.1,1872,10.06,0.0,5.96,0.0,104.45,4953.0,b'',Map My Fitness MapMyRun iPhone,http://www.mapmyfitness.com/workout/6226689679,31.2
94,2021-11-11,2021-11-11,Run,651,5.0,2582,8.61,0.0,6.97,0.0,104.45,6943.0,b'',Map My Fitness MapMyRun iPhone,http://www.mapmyfitness.com/workout/6223423990,43.03333333333333
95,2021-11-11,2021-11-10,Run,406,3.1,1703,9.16,0.0,6.55,0.0,104.45,4549.0,b'',Map My Fitness MapMyRun iPhone,http://www.mapmyfitness.com/workout/6223424464,28.383333333333333
96,2021-11-10,2021-11-10,Run,403,3.14,1806,9.59,0.44,6.26,137.62,156.0,4804.0,b'',Map My Fitness MapMyRun iPhone,http://www.mapmyfitness.com/workout/6221848678,30.1
97,2021-11-04,2021-11-04,Run,403,3.1,1674,9.0,0.0,6.67,0.0,104.45,4479.0,b'',Map My Fitness MapMyRun iPhone,http://www.mapmyfitness.com/workout/6209650798,27.9
98,2021-10-30,2021-10-30,Run,404,3.1,1683,9.05,0.0,6.63,0.0,104.45,4501.0,b'',Map My Fitness MapMyRun iPhone,http://www.mapmyfitness.com/workout/6200459764,28.05
99,2021-10-23,2021-10-23,Run,412,3.1,1777,9.55,0.0,6.28,0.0,104.45,4726.0,b'',Map My Fitness MapMyRun iPhone,http://www.mapmyfitness.com/workout/6186526618,29.616666666666667
100,2021-10-16,2021-10-16,Run,1351,10.0,5964,9.94,0.46,6.04,130.88,154.0,16017.0,b'',Map My Fitness MapMyRun iPhone,http://www.mapmyfitness.com/workout/6171039859,99.4
101,2021-10-17,2021-10-15,Run,402,3.1,1577,8.48,0.0,7.08,0.0,104.45,4247.0,b'',Map My Fitness MapMyRun iPhone,http://www.mapmyfitness.com/workout/6172882003,26.283333333333335
102,2021-10-14,2021-10-14,Run,457,3.57,2081,9.73,2.66,6.17,22.58,143.0,5598.0,b'',Map My Fitness MapMyRun iPhone,http://www.mapmyfitness.com/workout/6166491067,34.68333333333333
103,2021-10-13,2021-10-13,Run,456,3.56,2072,9.7,0.44,6.19,136.93,146.0,5526.0,b'',Map My Fitness MapMyRun iPhone,http://www.mapmyfitness.com/workout/6164231821,34.53333333333333
104,2021-10-12,2021-10-12,Run,363,2.5,1450,9.66,7.72,6.21,7.77,154.0,3876.0,b'',Map My Fitness MapMyRun iPhone,http://www.mapmyfitness.com/workout/6161847919,24.166666666666668
105,2021-10-11,2021-10-11,Run,396,3.1,1516,8.15,0.0,7.36,0.0,104.45,4102.0,b'',Map My Fitness MapMyRun iPhone,http://www.mapmyfitness.com/workout/6161229094,25.266666666666666
106,2021-10-09,2021-10-09,Run,437,3.09,1572,8.49,2.37,7.07,25.36,165.0,4217.0,b'',Map My Fitness MapMyRun iPhone,http://www.mapmyfitness.com/workout/6155213506,26.2
107,2021-10-06,2021-10-06,Run,403,3.1,1800,9.66,5.58,6.21,10.75,148.0,4796.0,b'',Map My Fitness MapMyRun iPhone,http://www.mapmyfitness.com/workout/6148161043,30.0
108,2021-10-05,2021-10-05,Run,400,3.1,1557,8.37,0.0,7.17,0.0,104.45,4200.0,b'',Map My Fitness MapMyRun iPhone,http://www.mapmyfitness.com/workout/6146101549,25.95
109,2021-10-03,2021-10-03,Run,402,3.1,1581,8.5,0.0,7.06,0.0,104.45,4257.0,b'',Map My Fitness MapMyRun iPhone,http://www.mapmyfitness.com/workout/6141257416,26.35
110,2021-10-03,2021-10-02,Run,403,3.1,1630,8.76,0.0,6.85,0.0,104.45,4374.0,b'',Map My Fitness MapMyRun iPhone,http://www.mapmyfitness.com/workout/6141256813,27.166666666666668
111,2021-09-28,2021-09-28,Run,603,4.4,2573,9.74,0.9,6.16,67.0,153.0,6816.0,b'',Map My Fitness MapMyRun iPhone,http://www.mapmyfitness.com/workout/6128932084,42.88333333333333
112,2021-09-27,2021-09-27,Run,457,3.57,2012,9.4,0.96,6.38,62.79,150.0,5405.0,b'',Map My Fitness MapMyRun iPhone,http://www.mapmyfitness.com/workout/6126494764,33.53333333333333
113,2021-09-26,2021-09-26,Run,520,4.0,2135,8.9,0.0,6.74,0.0,104.45,5720.0,b'',Map My Fitness MapMyRun iPhone,http://www.mapmyfitness.com/workout/6124567888,35.583333333333336
114,2021-09-25,2021-09-25,Run,521,4.0,2164,9.02,0.0,6.65,0.0,104.45,5790.0,b'',Map My Fitness MapMyRun iPhone,http://www.mapmyfitness.com/workout/6122395927,36.06666666666667
115,2021-09-24,2021-09-24,Run,494,3.56,2015,9.44,4.25,6.36,14.13,161.0,5340.0,b'',Map My Fitness MapMyRun iPhone,http://www.mapmyfitness.com/workout/6119313610,33.583333333333336
116,2021-09-23,2021-09-23,Run,469,3.56,2143,10.04,2.4,5.98,24.99,146.0,5720.0,b'',Map My Fitness MapMyRun iPhone,http://www.mapmyfitness.com/workout/6116894062,35.71666666666667
117,2021-09-17,2021-09-17,Run,415,3.1,1809,9.73,0.0,6.17,0.0,104.45,4802.0,b'',Map My Fitness MapMyRun iPhone,http://www.mapmyfitness.com/workout/6102967498,30.15
118,2021-09-17,2021-09-17,Run,407,3.1,1719,9.24,0.0,6.49,0.0,104.45,4587.0,b'',Map My Fitness MapMyRun iPhone,http://www.mapmyfitness.com/workout/6101237071,28.65
119,2021-09-13,2021-09-13,Run,449,3.5,2021,9.61,0.43,6.24,138.57,148.0,5376.0,b'',Map My Fitness MapMyRun iPhone,http://www.mapmyfitness.com/workout/6090886243,33.68333333333333
120,2021-09-13,2021-09-12,Run,420,3.1,1864,10.02,0.0,5.99,0.0,104.45,4934.0,b'',Map My Fitness MapMyRun iPhone,http://www.mapmyfitness.com/workout/6090890317,31.066666666666666
121,2021-09-13,2021-09-11,Run,419,3.1,1854,9.97,0.0,6.02,0.0,104.45,4910.0,b'',Map My Fitness MapMyRun iPhone,http://www.mapmyfitness.com/workout/6090889261,30.9
123,2021-09-09,2021-09-09,Run,925,6.24,3855,10.29,1.04,5.83,57.56,148.0,10228.0,b'',Map My Fitness MapMyRun iPhone,http://www.mapmyfitness.com/workout/6080689447,64.25
125,2021-09-06,2021-09-06,Run,320,2.47,1461,9.87,0.93,6.08,64.24,146.0,3878.0,b'',Map My Fitness MapMyRun iPhone,http://www.mapmyfitness.com/workout/6073098730,24.35
127,2021-09-04,2021-09-04,Run,344,2.48,1458,9.81,0.99,6.12,60.68,150.0,3865.0,b'',Map My Fitness MapMyRun iPhone,http://www.mapmyfitness.com/workout/6067992841,24.3
128,2021-09-03,2021-09-03,Run,550,4.0,2367,9.86,2.88,6.09,20.8,155.0,6331.0,b'',Map My Fitness MapMyRun iPhone,http://www.mapmyfitness.com/workout/6064529734,39.45
129,2021-09-01,2021-09-01,Run,412,3.1,1818,9.76,0.42,6.15,141.83,157.0,4864.0,b'',Map My Fitness MapMyRun iPhone,http://www.mapmyfitness.com/workout/6059180914,30.3
130,2021-08-31,2021-08-31,Run,453,3.56,2043,9.56,5.08,6.27,11.8,150.0,5471.0,b'',Map My Fitness MapMyRun iPhone,http://www.mapmyfitness.com/workout/6056438434,34.05
131,2021-08-29,2021-08-29,Run,416,3.11,1787,9.59,0.86,6.26,69.83,156.0,4710.0,b'',Map My Fitness MapMyRun iPhone,http://www.mapmyfitness.com/workout/6052229692,29.783333333333335
132,2021-08-28,2021-08-28,Run,420,3.1,1815,9.74,1.21,6.16,49.53,157.0,4786.0,b'',Map My Fitness MapMyRun iPhone,http://www.mapmyfitness.com/workout/6049912678,30.25
133,2021-08-26,2021-08-26,Run,1055,7.5,4672,10.38,0.49,5.78,122.68,152.0,12445.0,b'',Map My Fitness MapMyRun iPhone,http://www.mapmyfitness.com/workout/6043879318,77.86666666666666
134,2021-08-25,2021-08-25,Run,399,3.1,1748,9.38,0.11,6.39,528.65,150.0,4658.0,b'',Map My Fitness MapMyRun iPhone,http://www.mapmyfitness.com/workout/6041041642,29.133333333333333
135,2021-08-24,2021-08-24,Run,410,3.1,1761,9.46,7.96,6.35,7.54,157.0,4707.0,b'',Map My Fitness MapMyRun iPhone,http://www.mapmyfitness.com/workout/6038308342,29.35
137,2021-08-22,2021-08-22,Run,570,3.92,2400,10.21,1.04,5.88,57.48,157.0,6333.0,b'',Map My Fitness MapMyRun iPhone,http://www.mapmyfitness.com/workout/6033538990,40.0
139,2021-08-21,2021-08-21,Run,31,0.25,149,9.98,1.1,6.01,54.76,163.0,375.0,b'',Map My Fitness MapMyRun iPhone,http://www.mapmyfitness.com/workout/6031466629,2.4833333333333334
141,2021-08-21,2021-08-21,Run,348,2.44,1467,10.03,1.02,5.98,59.01,162.0,3876.0,b'',Map My Fitness MapMyRun iPhone,http://www.mapmyfitness.com/workout/6031443100,24.45
142,2021-08-20,2021-08-20,Run,882,6.4,4016,10.46,0.03,5.74,1806.62,148.0,10673.0,b'',Map My Fitness MapMyRun iPhone,http://www.mapmyfitness.com/workout/6027934603,66.93333333333334
143,2021-08-18,2021-08-18,Run,427,3.27,1870,9.53,1.18,6.3,50.95,159.0,4958.0,b'',Map My Fitness MapMyRun iPhone,http://www.mapmyfitness.com/workout/6022695340,31.166666666666668
144,2021-08-17,2021-08-17,Run,409,3.1,1868,10.03,1.14,5.98,52.66,144.0,4909.0,b'',Map My Fitness MapMyRun iPhone,http://www.mapmyfitness.com/workout/6019900291,31.133333333333333
146,2021-08-16,2021-08-16,Run,419,3.1,1913,10.27,2.59,5.84,23.12,148.0,5065.0,b'',Map My Fitness MapMyRun iPhone,http://www.mapmyfitness.com/workout/6017111452,31.883333333333333
148,2021-08-15,2021-08-15,Run,405,3.1,1849,9.92,4.95,6.05,12.13,151.0,4939.0,b'',Map My Fitness MapMyRun iPhone,http://www.mapmyfitness.com/workout/6014712283,30.816666666666666
150,2021-08-14,2021-08-14,Run,388,3.1,1847,9.93,1.17,6.04,51.1,161.0,4934.0,b'',Map My Fitness MapMyRun iPhone,http://www.mapmyfitness.com/workout/6013048342,30.783333333333335
151,2021-08-12,2021-08-12,Run,453,3.1,1880,10.1,1.06,5.94,56.81,156.0,5011.0,b'',Map My Fitness MapMyRun iPhone,http://www.mapmyfitness.com/workout/6007678237,31.333333333333332
152,2021-08-11,2021-08-11,Run,424,3.1,1837,9.87,5.51,6.08,10.88,159.0,4849.0,b'',Map My Fitness MapMyRun iPhone,http://www.mapmyfitness.com/workout/6005081575,30.616666666666667
154,2021-08-09,2021-08-09,Run,422,3.11,1893,10.16,0.78,5.91,77.15,145.0,5032.0,b'',Map My Fitness MapMyRun iPhone,http://www.mapmyfitness.com/workout/5999352568,31.55
156,2021-08-08,2021-08-08,Run,476,3.1,1852,9.94,1.02,6.04,58.71,151.0,4884.0,b'',Map My Fitness MapMyRun iPhone,http://www.mapmyfitness.com/workout/5997949381,30.866666666666667
158,2021-08-07,2021-08-07,Run,419,3.1,1900,10.21,1.0,5.87,59.86,155.0,5043.0,b'',Map My Fitness MapMyRun iPhone,http://www.mapmyfitness.com/workout/5995310374,31.666666666666668
160,2021-08-05,2021-08-05,Run,477,3.5,2153,10.25,1.12,5.85,53.37,152.0,5761.0,b'',Map My Fitness MapMyRun iPhone,http://www.mapmyfitness.com/workout/5989413664,35.88333333333333
161,2021-08-04,2021-08-04,Run,418,3.12,1888,10.09,0.5,5.94,119.61,155.0,5010.0,b'',Map My Fitness MapMyRun iPhone,http://www.mapmyfitness.com/workout/5986562629,31.466666666666665
163,2021-08-03,2021-08-03,Run,368,2.83,1758,10.36,1.39,5.79,43.29,146.0,4596.0,b'',Map My Fitness MapMyRun iPhone,http://www.mapmyfitness.com/workout/5983287310,29.3
165,2021-08-02,2021-08-02,Run,282,2.02,1243,10.24,3.53,5.86,17.01,158.0,3299.0,b'',Map My Fitness MapMyRun iPhone,http://www.mapmyfitness.com/workout/5980363096,20.716666666666665
167,2021-08-01,2021-08-01,Run,254,2.01,1187,9.84,1.21,6.1,49.64,160.0,3126.0,b'',Map My Fitness MapMyRun iPhone,http://www.mapmyfitness.com/workout/5978676610,19.783333333333335
168,2021-07-29,2021-07-29,Run,512,3.62,2310,10.64,8.11,5.64,7.39,162.0,6041.0,b'',Map My Fitness MapMyRun iPhone,http://www.mapmyfitness.com/workout/5970244117,38.5
169,2021-07-17,2021-07-17,Run,414,3.1,1798,9.67,0.0,6.21,0.0,104.45,4776.0,b'',Map My Fitness MapMyRun iPhone,http://www.mapmyfitness.com/workout/5939171350,29.966666666666665
171,2021-07-11,2021-07-11,Run,540,4.01,2587,10.74,1.15,5.59,52.11,142.0,6834.0,b'',Map My Fitness MapMyRun iPhone,http://www.mapmyfitness.com/workout/5923369033,43.11666666666667
172,2021-07-08,2021-07-08,Run,406,3.1,1850,9.93,1.08,6.04,55.72,158.0,4894.0,b'',Map My Fitness MapMyRun iPhone,http://www.mapmyfitness.com/workout/5915886718,30.833333333333332
173,2021-07-06,2021-07-06,Run,402,3.11,1895,10.15,0.49,5.91,121.67,155.0,5029.0,b'',Map My Fitness MapMyRun iPhone,http://www.mapmyfitness.com/workout/5910130240,31.583333333333332
174,2021-07-03,2021-07-03,Run,337,2.6,1555,9.97,1.15,6.02,52.27,161.0,4128.0,b'',Map My Fitness MapMyRun iPhone,http://www.mapmyfitness.com/workout/5903011576,25.916666666666668
175,2021-07-01,2021-07-01,Run,427,3.11,1945,10.42,0.15,5.76,395.8,159.0,5139.0,b'',Map My Fitness MapMyRun iPhone,http://www.mapmyfitness.com/workout/5897288332,32.416666666666664
176,2021-06-29,2021-06-29,Run,407,3.11,1866,10.0,1.11,6.0,54.25,156.0,4916.0,b'',Map My Fitness MapMyRun iPhone,http://www.mapmyfitness.com/workout/5891702641,31.1
178,2021-06-21,2021-06-21,Run,334,2.43,1796,12.32,0.96,4.87,62.64,139.0,4016.0,b'',Map My Fitness MapMyRun iPhone,http://www.mapmyfitness.com/workout/5869199218,29.933333333333334
179,2021-06-15,2021-06-15,Run,518,4.3,2531,9.81,0.86,6.12,69.64,162.0,6368.0,b'',Map My Fitness MapMyRun iPhone,http://www.mapmyfitness.com/workout/5852597005,42.18333333333333
180,2021-06-14,2021-06-14,Run,393,3.1,1815,9.74,1.11,6.16,54.12,154.0,4781.0,b'',Map My Fitness MapMyRun iPhone,http://www.mapmyfitness.com/workout/5849544379,30.25
186,2021-06-04,2021-06-04,Run,285,2.24,1267,9.42,4.37,6.37,13.73,153.0,3388.0,b'',Map My Fitness MapMyRun iPhone,http://www.mapmyfitness.com/workout/5820608734,21.116666666666667
187,2021-06-02,2021-06-02,Run,423,3.1,1897,10.2,0.13,5.88,457.4,0.0,5012.0,b'',Map My Fitness MapMyRun iPhone,http://www.mapmyfitness.com/workout/5814501337,31.616666666666667
188,2021-05-31,2021-05-31,Run,411,3.13,2433,12.95,0.41,4.63,146.44,133.0,5499.0,b'',Map My Fitness MapMyRun iPhone,http://www.mapmyfitness.com/workout/5809075714,40.55
189,2021-05-27,2021-05-27,Run,261,1.99,1025,8.6,0.92,6.98,65.17,169.0,2713.0,b'',Map My Fitness MapMyRun iPhone,http://www.mapmyfitness.com/workout/5797564132,17.083333333333332
191,2021-05-06,2021-05-06,Run,416,3.1,1821,9.79,0.0,6.13,0.0,104.45,4831.0,b'',Map My Fitness MapMyRun iPhone,http://www.mapmyfitness.com/workout/5738550850,30.35
193,2021-04-26,2021-04-26,Run,674,5.0,3002,10.01,1.35,6.0,44.36,156.0,8118.0,b'',Map My Fitness MapMyRun iPhone,http://www.mapmyfitness.com/workout/5706115867,50.03333333333333
194,2021-04-24,2021-04-24,Run,1471,10.0,6605,11.0,0.96,5.45,62.33,152.0,17517.0,b'',Map My Fitness MapMyRun iPhone,http://www.mapmyfitness.com/workout/5700582346,110.08333333333333
195,2021-04-21,2021-04-21,Run,1928,13.48,10191,12.6,0.48,4.76,126.23,144.0,22719.0,b'',Map My Fitness MapMyRun iPhone,http://www.mapmyfitness.com/workout/5692867222,169.85
196,2021-04-19,2021-04-19,Run,1264,8.55,5659,11.03,2.9,5.44,20.72,159.0,14495.0,b'',Map My Fitness MapMyRun iPhone,http://www.mapmyfitness.com/workout/5686813231,94.31666666666666
197,2021-04-18,2021-04-18,Run,404,3.1,1605,8.63,0.0,6.95,0.0,104.45,4314.0,b'',Map My Fitness MapMyRun iPhone,http://www.mapmyfitness.com/workout/5683027252,26.75
198,2021-04-17,2021-04-17,Run,260,2.0,1065,8.88,0.0,6.76,0.0,104.45,2854.0,b'',Map My Fitness MapMyRun iPhone,http://www.mapmyfitness.com/workout/5679922159,17.75
199,2021-04-16,2021-04-16,Run,427,3.1,1948,10.47,0.0,5.73,0.0,104.45,5135.0,b'',Map My Fitness MapMyRun iPhone,http://www.mapmyfitness.com/workout/5675504656,32.46666666666667
200,2021-04-16,2021-04-16,Run,407,3.1,1720,9.25,0.0,6.49,0.0,104.45,4590.0,b'',Map My Fitness MapMyRun iPhone,http://www.mapmyfitness.com/workout/5675502568,28.666666666666668
201,2021-04-14,2021-04-14,Run,412,3.1,1776,9.55,0.0,6.28,0.0,104.45,4723.0,b'',Map My Fitness MapMyRun iPhone,http://www.mapmyfitness.com/workout/5669620489,29.6
203,2021-04-12,2021-04-12,Run,184,1.37,793,9.65,2.53,6.22,23.68,157.0,2059.0,b'',Map My Fitness MapMyRun iPhone,http://www.mapmyfitness.com/workout/5663310526,13.216666666666667
204,2021-04-09,2021-04-09,Run,110,0.77,447,9.69,3.39,6.19,17.71,131.0,1199.0,b'',Map My Fitness MapMyRun iPhone,http://www.mapmyfitness.com/workout/5653608454,7.45
205,2021-04-09,2021-04-09,Run,234,1.78,1076,10.09,3.8,5.94,15.8,122.0,2853.0,b'',Map My Fitness MapMyRun iPhone,http://www.mapmyfitness.com/workout/5653433692,17.933333333333334
207,2021-04-06,2021-04-06,Run,417,3.1,1778,9.55,0.86,6.28,69.69,165.0,4720.0,b'',Map My Fitness MapMyRun iPhone,http://www.mapmyfitness.com/workout/5643560545,29.633333333333333
208,2021-04-04,2021-04-04,Run,415,3.1,1808,9.72,0.0,6.17,0.0,104.45,4800.0,b'',Map My Fitness MapMyRun iPhone,http://www.mapmyfitness.com/workout/5637856078,30.133333333333333
209,2021-04-03,2021-04-03,Run,421,3.1,1874,10.08,0.0,5.96,0.0,104.45,4958.0,b'',Map My Fitness MapMyRun iPhone,http://www.mapmyfitness.com/workout/5635561888,31.233333333333334
210,2021-04-01,2021-04-01,Run,389,2.8,1800,10.71,0.0,5.6,0.0,104.45,4735.0,b'',Map My Fitness MapMyRun iPhone,http://www.mapmyfitness.com/workout/5628141628,30.0
211,2021-03-31,2021-03-31,Run,597,4.46,3355,12.55,0.5,4.78,120.9,0.0,7762.0,b'',Map My Fitness MapMyRun iPhone,http://www.mapmyfitness.com/workout/5625098086,55.916666666666664
213,2021-03-23,2021-03-23,Run,369,2.66,1830,11.46,1.24,5.23,48.35,152.0,4449.0,b'',Map My Fitness MapMyRun iPhone,http://www.mapmyfitness.com/workout/5598766606,30.5
214,2021-03-21,2021-03-21,Run,621,4.36,3386,12.94,7.56,4.64,7.93,148.0,7572.0,b'',Map My Fitness MapMyRun iPhone,http://www.mapmyfitness.com/workout/5592731101,56.43333333333333
217,2021-03-17,2021-03-17,Run,616,4.14,2619,10.52,1.04,5.7,57.51,164.0,6998.0,b'',Map My Fitness MapMyRun iPhone,http://www.mapmyfitness.com/workout/5579410186,43.65
218,2021-03-16,2021-03-16,Run,498,3.11,2134,11.43,0.46,5.25,129.5,158.0,5416.0,b'',Map My Fitness MapMyRun iPhone,http://www.mapmyfitness.com/workout/5575999600,35.56666666666667
219,2021-03-14,2021-03-14,Run,416,3.11,2352,12.6,0.0,4.76,0.0,104.45,6103.0,b'',Map My Fitness MapMyRun iPhone,http://www.mapmyfitness.com/workout/5571122062,39.2
221,2021-01-12,2021-01-12,Run,410,3.1,1745,9.38,0.0,6.4,0.0,104.45,4649.0,b'',Map My Fitness MapMyRun iPhone,http://www.mapmyfitness.com/workout/5339670910,29.083333333333332
222,2021-01-10,2021-01-10,Run,411,3.1,1766,9.49,0.0,6.32,0.0,104.45,4700.0,b'',Map My Fitness MapMyRun iPhone,http://www.mapmyfitness.com/workout/5329317541,29.433333333333334
223,2021-01-10,2021-01-09,Run,415,3.1,1809,9.73,0.0,6.17,0.0,104.45,4802.0,b'',Map My Fitness MapMyRun iPhone,http://www.mapmyfitness.com/workout/5329321264,30.15
224,2021-01-02,2021-01-02,Run,412,3.12,1749,9.34,0.0,6.42,0.0,104.45,4662.0,b'',Map My Fitness MapMyRun iPhone,http://www.mapmyfitness.com/workout/5248872100,29.15
226,2020-12-06,2020-12-06,Run,539,4.02,2358,9.78,0.0,6.14,0.0,104.45,8895.0,b'',Map My Fitness MapMyRun iPhone,http://www.mapmyfitness.com/workout/5081741761,39.3
227,2020-11-28,2020-11-28,Run,403,3.1,1674,9.0,0.0,6.67,0.0,104.45,6859.0,b'',Map My Fitness MapMyRun iPhone,http://www.mapmyfitness.com/workout/5040101344,27.9
229,2020-11-23,2020-11-23,Run,841,6.2,3733,10.03,0.97,5.98,61.89,157.0,10044.0,b'',Map My Fitness MapMyRun iPhone,http://www.mapmyfitness.com/workout/5010545971,62.21666666666667
230,2020-11-22,2020-11-22,Run,434,3.34,1800,8.98,0.0,6.68,0.0,104.45,4818.0,b'',Map My Fitness MapMyRun iPhone,http://www.mapmyfitness.com/workout/5005622953,30.0
231,2020-11-21,2020-11-21,Run,987,7.5,4183,9.3,0.0,6.45,0.0,104.45,9761.0,b'',Map My Fitness MapMyRun iPhone,http://www.mapmyfitness.com/workout/4997981974,69.71666666666667
232,2020-11-19,2020-11-19,Run,403,3.1,1632,8.77,0.0,6.84,0.0,104.45,4379.0,b'',Map My Fitness MapMyRun iPhone,http://www.mapmyfitness.com/workout/4984145680,27.2
233,2020-11-17,2020-11-17,Run,881,6.19,4204,11.32,0.0,5.3,0.0,104.45,11005.0,b'',Map My Fitness MapMyRun iPhone,http://www.mapmyfitness.com/workout/4974868786,70.06666666666666
234,2020-11-04,2020-11-04,Run,866,6.06,3678,10.0,1.9,6.0,31.55,164.0,9863.0,b'',Map My Fitness MapMyRun iPhone,http://www.mapmyfitness.com/workout/4820885734,61.3
236,2020-11-01,2020-11-01,Run,407,3.1,1721,9.25,0.0,6.48,0.0,104.45,4592.0,b'',Map My Fitness MapMyRun iPhone,http://www.mapmyfitness.com/workout/4809741217,28.683333333333334
237,2020-10-31,2020-10-31,Run,402,3.1,1581,8.5,0.0,7.06,0.0,104.45,4257.0,b'',Map My Fitness MapMyRun iPhone,http://www.mapmyfitness.com/workout/4805442343,26.35
238,2020-10-31,2020-10-30,Run,355,2.5,1695,11.3,0.0,5.31,0.0,104.45,4438.0,b'',Map My Fitness MapMyRun iPhone,http://www.mapmyfitness.com/workout/4805443468,28.25
239,2020-10-16,2020-10-16,Run,1519,10.88,7059,10.81,0.77,5.55,77.83,0.0,18553.0,b'',Map My Fitness MapMyRun iPhone,http://www.mapmyfitness.com/workout/4765508794,117.65
240,2020-10-15,2020-10-15,Run,418,3.1,1840,9.89,0.99,6.07,60.44,0.0,4980.0,b'',Map My Fitness MapMyRun iPhone,http://www.mapmyfitness.com/workout/4762812637,30.666666666666668
242,2020-10-09,2020-10-09,Run,851,6.47,3600,9.27,0.0,6.47,0.0,104.45,9603.0,b'',Map My Fitness MapMyRun iPhone,http://www.mapmyfitness.com/workout/4745953696,60.0
243,2020-10-08,2020-10-08,Run,482,3.85,2065,8.93,0.41,6.72,145.19,144.0,5697.0,b'',Map My Fitness MapMyRun iPhone,http://www.mapmyfitness.com/workout/4742914714,34.416666666666664
244,2020-10-07,2020-10-07,Run,909,6.98,3600,8.6,0.0,6.98,0.0,104.45,9681.0,b'',Map My Fitness MapMyRun iPhone,http://www.mapmyfitness.com/workout/4739726770,60.0
245,2020-10-06,2020-10-06,Run,525,4.0,2207,9.2,0.0,6.52,0.0,104.45,5892.0,b'',Map My Fitness MapMyRun iPhone,http://www.mapmyfitness.com/workout/4735799008,36.78333333333333
246,2020-10-07,2020-10-04,Run,395,3.1,1501,8.07,0.0,7.44,0.0,104.45,4066.0,b'',Map My Fitness MapMyRun iPhone,http://www.mapmyfitness.com/workout/4739725510,25.016666666666666
247,2020-10-03,2020-10-03,Run,552,4.29,2391,9.29,0.85,6.46,70.73,155.0,6455.0,b'',Map My Fitness MapMyRun iPhone,http://www.mapmyfitness.com/workout/4727520010,39.85
248,2020-10-01,2020-10-01,Run,649,5.0,2688,8.96,0.0,6.7,0.0,104.45,7196.0,b'',Map My Fitness MapMyRun iPhone,http://www.mapmyfitness.com/workout/4720747723,44.8
250,2020-09-28,2020-09-28,Run,521,4.02,2138,8.87,0.9,6.77,66.79,164.0,5806.0,b'',Map My Fitness MapMyRun iPhone,http://www.mapmyfitness.com/workout/4711288912,35.63333333333333
251,2020-09-26,2020-09-26,Run,903,6.94,3600,8.65,0.0,6.94,0.0,104.45,9675.0,b'',Map My Fitness MapMyRun iPhone,http://www.mapmyfitness.com/workout/4705831252,60.0
252,2020-09-25,2020-09-25,Run,872,6.71,3601,8.94,0.0,6.71,0.0,104.45,9642.0,b'',Map My Fitness MapMyRun iPhone,http://www.mapmyfitness.com/workout/4703601604,60.016666666666666
253,2020-09-23,2020-09-23,Run,1318,10.06,5537,9.17,0.0,6.54,0.0,104.45,14787.0,b'',Map My Fitness MapMyRun iPhone,http://www.mapmyfitness.com/workout/4698019450,92.28333333333333
254,2020-09-21,2020-09-21,Run,387,3.1,1446,7.77,0.0,7.72,0.0,104.45,3934.0,b'',Map My Fitness MapMyRun iPhone,http://www.mapmyfitness.com/workout/4691865073,24.1
255,2020-09-20,2020-09-20,Run,513,5.17,3460,11.14,0.16,5.38,382.6,146.0,8503.0,b'',Map My Fitness MapMyRun iPhone,http://www.mapmyfitness.com/workout/4690365796,57.666666666666664
256,2020-09-17,2020-09-17,Run,408,3.01,1807,10.01,0.0,6.0,0.0,104.45,4784.0,b'',Map My Fitness MapMyRun iPhone,http://www.mapmyfitness.com/workout/4681660330,30.116666666666667
257,2020-09-16,2020-09-16,Run,824,6.14,3600,9.77,0.0,6.14,0.0,104.45,9552.0,b'',Map My Fitness MapMyRun iPhone,http://www.mapmyfitness.com/workout/4678964659,60.0
258,2020-09-14,2020-09-14,Run,881,6.78,3600,8.85,0.0,6.78,0.0,104.45,9651.0,b'',Map My Fitness MapMyRun iPhone,http://www.mapmyfitness.com/workout/4672281322,60.0
259,2020-09-13,2020-09-13,Run,398,3.1,1537,8.26,0.0,7.26,0.0,104.45,4152.0,b'',Map My Fitness MapMyRun iPhone,http://www.mapmyfitness.com/workout/4669456663,25.616666666666667
260,2020-09-10,2020-09-10,Run,1308,10.07,5391,8.92,0.0,6.72,0.0,104.45,14439.0,b'',Map My Fitness MapMyRun iPhone,http://www.mapmyfitness.com/workout/4662545827,89.85
261,2020-09-07,2020-09-07,Run,337,3.1,1749,9.4,0.99,6.38,60.74,163.0,4696.0,b'',Map My Fitness MapMyRun iPhone,http://www.mapmyfitness.com/workout/4654873192,29.15
262,2020-09-06,2020-09-06,Run,328,3.1,1787,9.6,1.04,6.25,57.76,161.0,4819.0,b'',Map My Fitness MapMyRun iPhone,http://www.mapmyfitness.com/workout/4652419447,29.783333333333335
263,2020-09-04,2020-09-04,Run,381,3.01,1434,7.94,0.0,7.56,0.0,104.45,3892.0,b'',Map My Fitness MapMyRun iPhone,http://www.mapmyfitness.com/workout/4646264152,23.9
264,2020-09-02,2020-09-02,Run,456,3.5,1902,9.06,0.0,6.62,0.0,104.45,1814.0,b'',Map My Fitness MapMyRun iPhone,http://www.mapmyfitness.com/workout/4640741869,31.7
265,2020-09-01,2020-09-01,Run,404,3.1,1594,8.57,0.0,7.0,0.0,104.45,4288.0,b'',Map My Fitness MapMyRun iPhone,http://www.mapmyfitness.com/workout/4637769910,26.566666666666666
266,2020-08-29,2020-08-29,Run,421,3.21,1778,9.24,1.64,6.49,36.68,76.0,5219.0,b'',Map My Fitness MapMyRun iPhone,http://www.mapmyfitness.com/workout/4630791502,29.633333333333333
267,2020-08-28,2020-08-28,Run,199,1.88,1263,11.18,1.85,5.37,32.48,142.0,3051.0,b'',Map My Fitness MapMyRun iPhone,http://www.mapmyfitness.com/workout/4626976201,21.05
268,2020-08-25,2020-08-25,Run,249,2.43,1388,9.5,0.97,6.32,62.1,142.0,3759.0,b'',Map My Fitness MapMyRun iPhone,http://www.mapmyfitness.com/workout/4618409722,23.133333333333333
269,2020-08-24,2020-08-24,Run,108,1.9,1031,9.02,0.87,6.65,68.9,150.0,2703.0,b'',Map My Fitness MapMyRun iPhone,http://www.mapmyfitness.com/workout/4617153169,17.183333333333334
270,2020-08-21,2020-08-21,Run,228,2.28,1527,11.15,0.73,5.38,81.68,123.0,3576.0,b'',Map My Fitness MapMyRun iPhone,http://www.mapmyfitness.com/workout/4608575953,25.45
272,2020-08-18,2020-08-18,Run,300,2.89,1995,11.51,1.04,5.21,57.42,124.0,4703.0,b'',Map My Fitness MapMyRun iPhone,http://www.mapmyfitness.com/workout/4599905488,33.25
273,2020-08-16,2020-08-16,Run,541,5.26,3129,9.91,0.8,6.06,75.01,121.0,8416.0,b'',Map My Fitness MapMyRun iPhone,http://www.mapmyfitness.com/workout/4593270355,52.15
274,2020-08-15,2020-08-15,Run,227,2.24,1294,9.61,1.01,6.24,59.54,127.0,3477.0,b'',Map My Fitness MapMyRun iPhone,http://www.mapmyfitness.com/workout/4591184752,21.566666666666666
275,2020-08-14,2020-08-14,Run,228,2.17,1239,9.49,0.95,6.32,63.43,143.0,3364.0,b'',Map My Fitness MapMyRun iPhone,http://www.mapmyfitness.com/workout/4588535962,20.65
276,2020-08-13,2020-08-13,Run,438,4.19,2507,9.95,0.96,6.03,62.25,148.0,6733.0,b'',Map My Fitness MapMyRun iPhone,http://www.mapmyfitness.com/workout/4585804333,41.78333333333333
277,2020-08-12,2020-08-12,Run,270,2.63,1523,9.66,1.0,6.21,59.83,139.0,4094.0,b'',Map My Fitness MapMyRun iPhone,http://www.mapmyfitness.com/workout/4582542232,25.383333333333333
278,2020-08-11,2020-08-11,Run,326,2.99,1647,9.16,0.87,6.55,69.12,149.0,4476.0,b'',Map My Fitness MapMyRun iPhone,http://www.mapmyfitness.com/workout/4579501318,27.45
279,2020-08-10,2020-08-10,Run,322,3.1,1779,9.57,1.14,6.27,52.5,149.0,4834.0,b'',Map My Fitness MapMyRun iPhone,http://www.mapmyfitness.com/workout/4576451878,29.65
280,2020-08-07,2020-08-07,Run,261,2.0,1049,8.72,0.31,6.88,192.47,0.0,2797.0,b'',Map My Fitness MapMyRun iPhone,http://www.mapmyfitness.com/workout/4567769449,17.483333333333334
281,2020-08-06,2020-08-06,Run,445,3.34,1927,9.62,1.23,6.24,48.98,0.0,5057.0,b'',Map My Fitness MapMyRun iPhone,http://www.mapmyfitness.com/workout/4565029267,32.11666666666667
282,2020-08-05,2020-08-05,Run,487,3.68,2087,9.47,0.88,6.34,68.16,0.0,5265.0,b'',Map My Fitness MapMyRun iPhone,http://www.mapmyfitness.com/workout/4561616683,34.78333333333333
283,2020-08-04,2020-08-04,Run,467,3.52,1998,9.44,0.87,6.35,68.67,0.0,5350.0,b'',Map My Fitness MapMyRun iPhone,http://www.mapmyfitness.com/workout/4558507642,33.3
284,2020-08-03,2020-08-03,Run,393,3.74,2140,9.52,0.96,6.3,62.51,127.0,5766.0,b'',Map My Fitness MapMyRun iPhone,http://www.mapmyfitness.com/workout/4555357261,35.666666666666664
285,2020-08-02,2020-08-02,Run,236,2.24,1302,9.7,1.12,6.19,53.45,127.0,3499.0,b'',Map My Fitness MapMyRun iPhone,http://www.mapmyfitness.com/workout/4553343865,21.7
286,2020-08-01,2020-08-01,Run,300,2.68,1540,9.58,0.89,6.27,67.28,150.0,4155.0,b'',Map My Fitness MapMyRun iPhone,http://www.mapmyfitness.com/workout/4550939851,25.666666666666668
287,2020-07-31,2020-07-31,Run,211,2.0,1135,9.46,1.14,6.34,52.56,153.0,3047.0,b'',Map My Fitness MapMyRun iPhone,http://www.mapmyfitness.com/workout/4547327524,18.916666666666668
288,2020-07-30,2020-07-30,Run,439,4.0,2715,11.31,1.05,5.31,57.05,151.0,6478.0,b'',Map My Fitness MapMyRun iPhone,http://www.mapmyfitness.com/workout/4544416318,45.25
289,2020-07-28,2020-07-28,Run,328,3.11,1826,9.76,0.93,6.15,64.65,147.0,4926.0,b'',Map My Fitness MapMyRun iPhone,http://www.mapmyfitness.com/workout/4537667767,30.433333333333334
290,2020-07-27,2020-07-27,Run,325,3.09,1669,9.0,1.05,6.67,57.07,160.0,4501.0,b'',Map My Fitness MapMyRun iPhone,http://www.mapmyfitness.com/workout/4534136092,27.816666666666666
291,2020-07-26,2020-07-26,Run,105,1.69,998,9.85,1.46,6.09,40.96,152.0,2635.0,b'',Map My Fitness MapMyRun iPhone,http://www.mapmyfitness.com/workout/4532127631,16.633333333333333
292,2020-07-24,2020-07-24,Run,312,2.85,1638,9.57,0.92,6.27,65.07,156.0,4356.0,b'',Map My Fitness MapMyRun iPhone,http://www.mapmyfitness.com/workout/4526617765,27.3
293,2020-07-23,2020-07-23,Run,385,3.48,2070,9.9,1.04,6.06,57.95,159.0,5564.0,b'',Map My Fitness MapMyRun iPhone,http://www.mapmyfitness.com/workout/4524051922,34.5
294,2020-07-21,2020-07-21,Run,213,2.02,1122,9.27,0.44,6.47,137.08,151.0,3008.0,b'',Map My Fitness MapMyRun iPhone,http://www.mapmyfitness.com/workout/4517769403,18.7
295,2020-07-20,2020-07-20,Run,232,2.06,1157,9.37,1.16,6.41,51.55,157.0,3131.0,b'',Map My Fitness MapMyRun iPhone,http://www.mapmyfitness.com/workout/4514450527,19.283333333333335
296,2020-07-17,2020-07-17,Run,118,1.16,649,9.35,4.63,6.42,12.95,117.0,1728.0,b'',Map My Fitness MapMyRun iPhone,http://www.mapmyfitness.com/workout/4506213121,10.816666666666666
297,2020-07-16,2020-07-16,Run,348,3.34,1819,9.07,5.81,6.61,10.33,128.0,4894.0,b'',Map My Fitness MapMyRun iPhone,http://www.mapmyfitness.com/workout/4503101299,30.316666666666666
298,2020-07-16,2020-07-13,Run,412,4.0,2297,9.56,4.77,6.27,12.58,117.0,6253.0,b'',Map My Fitness MapMyRun iPhone,http://www.mapmyfitness.com/workout/4502988544,38.28333333333333
299,2020-07-12,2020-07-12,Run,326,3.22,1807,9.34,0.94,6.42,63.63,130.0,4845.0,b'',Map My Fitness MapMyRun iPhone,http://www.mapmyfitness.com/workout/4491636484,30.116666666666667
300,2020-07-12,2020-07-10,Run,368,3.43,2046,9.94,1.0,6.04,60.16,141.0,5506.0,b'',Map My Fitness MapMyRun iPhone,http://www.mapmyfitness.com/workout/4491474610,34.1
301,2020-07-09,2020-07-09,Run,261,2.62,1563,9.93,0.99,6.04,60.57,138.0,4211.0,b'',Map My Fitness MapMyRun iPhone,http://www.mapmyfitness.com/workout/4482698968,26.05
302,2020-07-08,2020-07-08,Run,266,2.63,1529,9.7,1.12,6.19,53.62,137.0,4178.0,b'',Map My Fitness MapMyRun iPhone,http://www.mapmyfitness.com/workout/4479521377,25.483333333333334
304,2020-07-07,2020-07-07,Run,261,2.56,1390,9.06,1.1,6.62,54.62,144.0,3798.0,b'',Map My Fitness MapMyRun iPhone,http://www.mapmyfitness.com/workout/4477803571,23.166666666666668
305,2020-07-03,2020-07-03,Run,378,3.51,2096,9.96,0.63,6.02,95.67,150.0,5711.0,b'',Map My Fitness MapMyRun iPhone,http://www.mapmyfitness.com/workout/4465623655,34.93333333333333
306,2020-06-30,2020-06-30,Run,339,3.17,1809,9.52,0.89,6.3,67.19,130.0,4963.0,b'',Map My Fitness MapMyRun iPhone,http://www.mapmyfitness.com/workout/4454751304,30.15
307,2020-06-29,2020-06-29,Run,144,1.4,810,9.66,2.39,6.21,25.11,146.0,2199.0,b'',Map My Fitness MapMyRun iPhone,http://www.mapmyfitness.com/workout/4453005238,13.5
308,2020-06-29,2020-06-29,Run,189,1.81,997,9.19,1.13,6.53,53.13,143.0,2704.0,b'',Map My Fitness MapMyRun iPhone,http://www.mapmyfitness.com/workout/4452900775,16.616666666666667
309,2020-06-29,2020-06-29,Run,409,4.01,2331,9.68,1.41,6.2,42.49,135.0,6347.0,b'',Map My Fitness MapMyRun iPhone,http://www.mapmyfitness.com/workout/4451193496,38.85
310,2020-06-28,2020-06-28,Run,447,4.34,2571,9.87,1.03,6.08,58.11,122.0,6954.0,b'',Map My Fitness MapMyRun iPhone,http://www.mapmyfitness.com/workout/4449333193,42.85
312,2020-06-27,2020-06-27,Run,535,5.06,2863,9.43,0.87,6.36,69.15,149.0,7823.0,b'',Map My Fitness MapMyRun iPhone,http://www.mapmyfitness.com/workout/4446156157,47.71666666666667
314,2020-06-26,2020-06-26,Run,63,0.58,325,9.32,0.93,6.44,64.85,123.0,845.0,b'',Map My Fitness MapMyRun iPhone,http://www.mapmyfitness.com/workout/4443926023,5.416666666666667
316,2020-06-26,2020-06-26,Run,321,3.1,1762,9.47,5.04,6.34,11.89,130.0,4673.0,b'',Map My Fitness MapMyRun iPhone,http://www.mapmyfitness.com/workout/4443893611,29.366666666666667
317,2020-06-26,2020-06-26,Run,60,0.56,312,9.24,2.75,6.49,21.81,116.0,763.0,b'',Map My Fitness MapMyRun iPhone,http://www.mapmyfitness.com/workout/4442627593,5.2
318,2020-06-25,2020-06-25,Run,496,4.63,2633,9.48,0.44,6.33,135.42,145.0,7040.0,b'',Map My Fitness MapMyRun iPhone,http://www.mapmyfitness.com/workout/4440427531,43.88333333333333
319,2020-06-24,2020-06-24,Run,438,4.06,2187,8.98,1.34,6.68,44.71,150.0,5907.0,b'',Map My Fitness MapMyRun iPhone,http://www.mapmyfitness.com/workout/4436860714,36.45
320,2020-06-23,2020-06-23,Run,822,7.82,4546,9.69,1.25,6.19,48.18,130.0,12387.0,b'',Map My Fitness MapMyRun iPhone,http://www.mapmyfitness.com/workout/4432518508,75.76666666666667
322,2020-06-21,2020-06-21,Run,158,1.57,815,8.61,2.45,6.97,24.45,144.0,2205.0,b'',Map My Fitness MapMyRun iPhone,http://www.mapmyfitness.com/workout/4426877830,13.583333333333334
323,2020-06-20,2020-06-20,Run,517,5.02,2964,9.84,6.92,6.1,8.67,129.0,7906.0,b'',Map My Fitness MapMyRun iPhone,http://www.mapmyfitness.com/workout/4423975759,49.4
324,2020-06-19,2020-06-19,Run,518,4.75,2816,9.89,0.69,6.07,87.34,148.0,7597.0,b'',Map My Fitness MapMyRun iPhone,http://www.mapmyfitness.com/workout/4419912247,46.93333333333333
326,2020-06-18,2020-06-18,Run,238,2.2,1309,9.92,6.76,6.05,8.88,155.0,3454.0,b'',Map My Fitness MapMyRun iPhone,http://www.mapmyfitness.com/workout/4418046862,21.816666666666666
327,2020-06-16,2020-06-16,Run,291,2.82,1553,9.17,0.87,6.54,69.09,150.0,4146.0,b'',Map My Fitness MapMyRun iPhone,http://www.mapmyfitness.com/workout/4411208389,25.883333333333333
328,2020-06-15,2020-06-15,Run,426,4.02,2285,9.48,1.24,6.33,48.26,148.0,6202.0,b'',Map My Fitness MapMyRun iPhone,http://www.mapmyfitness.com/workout/4405216552,38.083333333333336
330,2020-06-14,2020-06-14,Run,754,7.02,4187,9.94,0.88,6.04,68.24,151.0,11262.0,b'',Map My Fitness MapMyRun iPhone,http://www.mapmyfitness.com/workout/4403462743,69.78333333333333
331,2020-06-14,2020-06-11,Run,797,7.26,4140,9.5,1.15,6.32,52.09,154.0,11214.0,b'',Map My Fitness MapMyRun iPhone,http://www.mapmyfitness.com/workout/4403276296,69.0
332,2020-06-11,2020-06-11,Run,978,7.26,4306,9.89,0.0,6.07,0.0,104.45,11413.0,b'',Map My Fitness MapMyRun iPhone,http://www.mapmyfitness.com/workout/4392658117,71.76666666666667
333,2020-06-08,2020-06-08,Run,439,4.02,2317,9.61,7.48,6.24,8.02,151.0,6298.0,b'',Map My Fitness MapMyRun iPhone,http://www.mapmyfitness.com/workout/4380464041,38.61666666666667
334,2020-06-07,2020-06-07,Run,152,1.1,691,10.46,1.35,5.73,44.28,154.0,1863.0,b'',Map My Fitness MapMyRun iPhone,http://www.mapmyfitness.com/workout/4377808825,11.516666666666667
336,2020-06-07,2020-06-07,Run,256,2.0,982,8.19,0.82,7.32,72.97,0.0,2685.0,b'',Map My Fitness MapMyRun iPhone,http://www.mapmyfitness.com/workout/4377733381,16.366666666666667
338,2020-06-06,2020-06-06,Run,584,5.33,3167,9.9,1.22,6.06,49.16,153.0,8442.0,b'',Map My Fitness MapMyRun iPhone,http://www.mapmyfitness.com/workout/4375020739,52.78333333333333
340,2020-06-05,2020-06-05,Run,266,2.27,1451,10.66,8.34,5.63,7.19,153.0,3893.0,b'',Map My Fitness MapMyRun iPhone,http://www.mapmyfitness.com/workout/4372278406,24.183333333333334
342,2020-06-05,2020-06-05,Run,468,4.41,2491,9.4,0.95,6.38,63.1,153.0,6769.0,b'',Map My Fitness MapMyRun iPhone,http://www.mapmyfitness.com/workout/4372197589,41.516666666666666
343,2020-06-04,2020-06-04,Run,109,1.01,653,10.74,1.18,5.59,50.98,150.0,1762.0,b'',Map My Fitness MapMyRun iPhone,http://www.mapmyfitness.com/workout/4367305144,10.883333333333333
345,2020-06-04,2020-06-04,Run,540,5.02,2908,9.66,6.01,6.21,9.99,153.0,7851.0,b'',Map My Fitness MapMyRun iPhone,http://www.mapmyfitness.com/workout/4367177404,48.46666666666667
346,2020-06-03,2020-06-03,Run,328,3.1,1585,8.51,1.87,7.05,32.03,160.0,4350.0,b'',Map My Fitness MapMyRun iPhone,http://www.mapmyfitness.com/workout/4363449562,26.416666666666668
348,2020-06-02,2020-06-02,Run,142,1.03,646,10.45,0.8,5.74,75.34,0.0,1755.0,b'Slowww',Map My Fitness MapMyRun iPhone,http://www.mapmyfitness.com/workout/4359546487,10.766666666666667
349,2020-06-02,2020-06-02,Run,252,2.38,1405,9.84,5.8,6.1,10.35,151.0,3849.0,b'',Map My Fitness MapMyRun iPhone,http://www.mapmyfitness.com/workout/4359375076,23.416666666666668
350,2020-05-30,2020-05-30,Run,1508,13.43,8767,10.87,0.13,5.52,448.07,145.0,23604.0,b'',Map My Fitness MapMyRun iPhone,http://www.mapmyfitness.com/workout/4349658607,146.11666666666667
351,2020-05-28,2020-05-28,Run,409,3.1,1744,9.38,0.0,6.4,0.0,104.45,4647.0,b'',Map My Fitness MapMyRun iPhone,http://www.mapmyfitness.com/workout/4340903212,29.066666666666666
352,2020-05-27,2020-05-27,Run,897,8.34,5055,10.1,0.84,5.94,71.25,152.0,14073.0,b'',Map My Fitness MapMyRun iPhone,http://www.mapmyfitness.com/workout/4337024521,84.25
353,2020-05-26,2020-05-26,Run,109,1.01,608,10.01,1.89,5.99,31.77,149.0,1776.0,b'',Map My Fitness MapMyRun iPhone,http://www.mapmyfitness.com/workout/4332551749,10.133333333333333
354,2020-05-26,2020-05-26,Run,118,1.17,676,9.65,0.46,6.22,129.28,139.0,1953.0,b'',Map My Fitness MapMyRun iPhone,http://www.mapmyfitness.com/workout/4332374068,11.266666666666667
355,2020-05-25,2020-05-25,Run,187,1.68,1079,10.67,1.23,5.62,48.84,154.0,2980.0,b'',Map My Fitness MapMyRun iPhone,http://www.mapmyfitness.com/workout/4330154017,17.983333333333334
357,2020-05-25,2020-05-25,Run,666,6.0,3529,9.79,0.99,6.13,60.39,154.0,9659.0,b'',Map My Fitness MapMyRun iPhone,http://www.mapmyfitness.com/workout/4329965152,58.81666666666667
358,2020-05-24,2020-05-24,Run,676,6.58,4916,12.46,0.98,4.82,60.97,133.0,10923.0,b'',Map My Fitness MapMyRun iPhone,http://www.mapmyfitness.com/workout/4327339651,81.93333333333334
359,2020-05-22,2020-05-22,Run,95,0.85,523,10.2,1.03,5.88,58.04,155.0,1437.0,b'',Map My Fitness MapMyRun iPhone,http://www.mapmyfitness.com/workout/4319358928,8.716666666666667
360,2020-05-22,2020-05-22,Run,662,6.17,3394,9.17,4.89,6.54,12.27,159.0,9378.0,b'',Map My Fitness MapMyRun iPhone,http://www.mapmyfitness.com/workout/4319161723,56.56666666666667
361,2020-05-21,2020-05-21,Run,350,3.35,1758,8.75,1.39,6.85,43.06,157.0,4948.0,b'',Map My Fitness MapMyRun iPhone,http://www.mapmyfitness.com/workout/4314364087,29.3
362,2020-05-20,2020-05-20,Run,405,3.1,1698,9.13,0.0,6.57,0.0,104.45,4537.0,b'',Map My Fitness MapMyRun iPhone,http://www.mapmyfitness.com/workout/4310011723,28.3
363,2020-05-19,2020-05-19,Run,401,3.1,1566,8.42,0.0,7.13,0.0,104.45,4221.0,b'',Map My Fitness MapMyRun iPhone,http://www.mapmyfitness.com/workout/4305754999,26.1
364,2020-05-18,2020-05-18,Run,215,2.02,1027,8.47,2.83,7.08,21.18,161.0,2899.0,b'',Map My Fitness MapMyRun iPhone,http://www.mapmyfitness.com/workout/4301768770,17.116666666666667
365,2020-05-16,2020-05-16,Run,758,6.91,4063,9.8,1.3,6.12,46.05,155.0,11290.0,b'',Map My Fitness MapMyRun iPhone,http://www.mapmyfitness.com/workout/4295995630,67.71666666666667
366,2020-05-15,2020-05-15,Run,627,5.65,3153,9.31,1.63,6.45,36.9,162.0,8721.0,b'',Map My Fitness MapMyRun iPhone,http://www.mapmyfitness.com/workout/4290368116,52.55
367,2020-05-12,2020-05-12,Run,757,7.02,3998,9.49,0.14,6.32,434.26,153.0,10975.0,b'',Map My Fitness MapMyRun iPhone,http://www.mapmyfitness.com/workout/4277822962,66.63333333333334
369,2020-05-09,2020-05-09,Run,1063,10.0,5645,9.4,1.06,6.38,56.47,154.0,15387.0,b'',Map My Fitness MapMyRun iPhone,http://www.mapmyfitness.com/workout/4268350531,94.08333333333333
370,2020-05-06,2020-05-06,Run,487,4.54,2496,9.15,0.81,6.56,73.76,156.0,7000.0,b'',Map My Fitness MapMyRun iPhone,http://www.mapmyfitness.com/workout/4254712102,41.6
371,2020-05-04,2020-05-04,Run,370,3.52,1882,8.9,0.82,6.74,73.54,152.0,5211.0,b'',Map My Fitness MapMyRun iPhone,http://www.mapmyfitness.com/workout/4248331660,31.366666666666667
373,2020-05-03,2020-05-03,Run,318,3.1,1704,9.15,0.87,6.56,69.08,158.0,4801.0,b'',Map My Fitness MapMyRun iPhone,http://www.mapmyfitness.com/workout/4242713791,28.4
374,2020-05-02,2020-05-02,Run,459,4.27,2309,9.0,0.43,6.66,138.78,160.0,6298.0,b'',Map My Fitness MapMyRun iPhone,http://www.mapmyfitness.com/workout/4239412297,38.483333333333334
375,2020-05-01,2020-05-01,Run,588,5.63,3120,9.23,1.1,6.5,54.69,151.0,8617.0,b'',Map My Fitness MapMyRun iPhone,http://www.mapmyfitness.com/workout/4233564868,52.0
376,2020-04-29,2020-04-29,Run,341,3.2,1823,9.5,1.16,6.32,51.71,133.0,5060.0,b'',Map My Fitness MapMyRun iPhone,http://www.mapmyfitness.com/workout/4226294881,30.383333333333333
377,2020-04-27,2020-04-27,Run,634,6.23,3628,9.7,0.93,6.19,64.52,137.0,10080.0,b'',Map My Fitness MapMyRun iPhone,http://www.mapmyfitness.com/workout/4217579320,60.46666666666667
379,2020-04-26,2020-04-26,Run,409,4.03,2200,9.11,0.94,6.59,63.56,124.0,6017.0,b'',Map My Fitness MapMyRun iPhone,http://www.mapmyfitness.com/workout/4214931577,36.666666666666664
381,2020-04-25,2020-04-25,Run,412,4.04,2074,8.56,0.41,7.01,147.68,155.0,5774.0,b'',Map My Fitness MapMyRun iPhone,http://www.mapmyfitness.com/workout/4211464159,34.56666666666667
382,2020-04-24,2020-04-24,Run,512,4.82,2543,8.78,1.87,6.83,32.09,159.0,6922.0,b'',Map My Fitness MapMyRun iPhone,http://www.mapmyfitness.com/workout/4207438339,42.38333333333333
383,2020-04-22,2020-04-22,Run,461,4.35,2353,9.01,2.55,6.66,23.53,148.0,6417.0,b'',Map My Fitness MapMyRun iPhone,http://www.mapmyfitness.com/workout/4200751324,39.21666666666667
384,2020-04-22,2020-04-22,Run,446,4.2,2333,9.25,4.84,6.49,12.39,150.0,6369.0,b' ',Map My Fitness MapMyRun iPhone,http://www.mapmyfitness.com/workout/4198196242,38.88333333333333
385,2020-04-21,2020-04-21,Run,436,4.2,2207,8.75,0.84,6.86,71.04,158.0,5944.0,b'T',Map My Fitness MapMyRun iPhone,http://www.mapmyfitness.com/workout/4196384737,36.78333333333333
387,2020-04-20,2020-04-20,Run,409,4.01,2241,9.3,0.97,6.45,61.85,142.0,5986.0,b'',Map My Fitness MapMyRun iPhone,http://www.mapmyfitness.com/workout/4191436102,37.35
389,2020-04-19,2020-04-19,Run,846,8.02,4808,9.99,1.0,6.0,59.79,149.0,12937.0,b'',Map My Fitness MapMyRun iPhone,http://www.mapmyfitness.com/workout/4187774962,80.13333333333334
390,2020-04-18,2020-04-18,Run,167,1.57,881,9.33,4.22,6.43,14.21,163.0,2395.0,b'',Map My Fitness MapMyRun iPhone,http://www.mapmyfitness.com/workout/4183507942,14.683333333333334
392,2020-04-18,2020-04-18,Run,506,4.53,2585,9.5,5.24,6.32,11.46,158.0,7003.0,b'',Map My Fitness MapMyRun iPhone,http://www.mapmyfitness.com/workout/4183391773,43.083333333333336
393,2020-04-16,2020-04-16,Run,663,5.1,2751,8.99,0.0,6.67,0.0,104.45,7362.0,b'',Map My Fitness MapMyRun iPhone,http://www.mapmyfitness.com/workout/4175504236,45.85
394,2020-04-14,2020-04-14,Run,396,3.11,1504,8.06,0.0,7.44,0.0,104.45,4074.0,b'',Map My Fitness MapMyRun iPhone,http://www.mapmyfitness.com/workout/4167483502,25.066666666666666
396,2020-04-11,2020-04-11,Run,1377,13.12,7844,9.96,1.1,6.02,54.57,150.0,21427.0,b'',Map My Fitness MapMyRun iPhone,http://www.mapmyfitness.com/workout/4159120753,130.73333333333332
397,2020-04-10,2020-04-10,Run,403,3.1,1631,8.77,0.0,6.84,0.0,104.45,4377.0,b'',Map My Fitness MapMyRun iPhone,http://www.mapmyfitness.com/workout/4154376121,27.183333333333334
398,2020-04-07,2020-04-07,Run,420,4.1,2274,9.23,1.41,6.5,42.45,149.0,6286.0,b'',Map My Fitness MapMyRun iPhone,http://www.mapmyfitness.com/workout/4146093196,37.9
400,2020-04-06,2020-04-06,Run,316,3.16,1566,8.26,0.41,7.26,146.84,156.0,4297.0,b'',Map My Fitness MapMyRun iPhone,http://www.mapmyfitness.com/workout/4141739206,26.1
401,2020-04-05,2020-04-05,Run,428,4.14,2227,8.97,1.88,6.69,31.9,155.0,6200.0,b'',Map My Fitness MapMyRun iPhone,http://www.mapmyfitness.com/workout/4137385561,37.11666666666667
403,2020-04-04,2020-04-04,Run,19,0.18,106,9.66,5.4,6.21,11.11,140.0,281.0,b'',Map My Fitness MapMyRun iPhone,http://www.mapmyfitness.com/workout/4134911818,1.7666666666666666
405,2020-04-04,2020-04-04,Run,787,7.56,4005,8.83,1.9,6.79,31.59,166.0,11054.0,b'',Map My Fitness MapMyRun iPhone,http://www.mapmyfitness.com/workout/4134841237,66.75
406,2020-04-02,2020-04-02,Run,404,3.1,1593,8.56,0.0,7.01,0.0,104.45,4286.0,b'',Map My Fitness MapMyRun iPhone,http://www.mapmyfitness.com/workout/4126894372,26.55
407,2020-04-01,2020-04-01,Run,403,3.1,1639,8.82,0.81,6.81,73.67,0.0,4395.0,b'',Map My Fitness MapMyRun iPhone,http://www.mapmyfitness.com/workout/4124823295,27.316666666666666
408,2020-03-31,2020-03-31,Run,147,1.1,634,9.56,0.83,6.28,72.12,0.0,1686.0,b'',Map My Fitness MapMyRun iPhone,http://www.mapmyfitness.com/workout/4122623176,10.566666666666666
409,2020-03-31,2020-03-31,Run,259,2.01,1009,8.36,0.8,7.17,74.66,0.0,2722.0,b'',Map My Fitness MapMyRun iPhone,http://www.mapmyfitness.com/workout/4121344600,16.816666666666666
410,2020-03-30,2020-03-30,Run,403,3.1,1615,8.68,0.0,6.91,0.0,104.45,4338.0,b'',Map My Fitness MapMyRun iPhone,http://www.mapmyfitness.com/workout/4116932593,26.916666666666668
412,2020-03-28,2020-03-28,Run,312,3.13,1516,8.08,3.82,7.43,15.72,161.0,4197.0,b'',Map My Fitness MapMyRun iPhone,http://www.mapmyfitness.com/workout/4112829328,25.266666666666666
413,2020-03-26,2020-03-26,Run,135,1.0,594,9.9,0.0,6.06,0.0,104.45,1574.0,b'',Map My Fitness MapMyRun iPhone,http://www.mapmyfitness.com/workout/4106045575,9.9
414,2020-03-26,2020-03-26,Run,130,1.0,537,8.95,0.0,6.7,0.0,104.45,1438.0,b'',Map My Fitness MapMyRun iPhone,http://www.mapmyfitness.com/workout/4105989358,8.95
415,2020-03-26,2020-03-26,Run,405,3.1,1689,9.08,0.0,6.61,0.0,104.45,4515.0,b'',Map My Fitness MapMyRun iPhone,http://www.mapmyfitness.com/workout/4105939318,28.15
416,2020-03-25,2020-03-25,Run,522,4.0,2179,9.08,0.0,6.61,0.0,104.45,5825.0,b'',Map My Fitness MapMyRun iPhone,http://www.mapmyfitness.com/workout/4102971022,36.31666666666667
417,2020-03-24,2020-03-24,Run,652,5.0,2718,9.06,0.0,6.62,0.0,104.45,7268.0,b'',Map My Fitness MapMyRun iPhone,http://www.mapmyfitness.com/workout/4100053534,45.3
418,2020-03-23,2020-03-23,Run,610,4.7,2400,8.51,0.0,7.05,0.0,104.45,6461.0,b'',Map My Fitness MapMyRun iPhone,http://www.mapmyfitness.com/workout/4097735932,40.0
419,2020-03-20,2020-03-20,Run,533,4.1,2098,8.53,0.71,7.03,85.03,0.0,5733.0,b'',Map My Fitness MapMyRun iPhone,http://www.mapmyfitness.com/workout/4092048517,34.96666666666667
420,2020-03-19,2020-03-19,Run,396,3.1,1508,8.11,0.0,7.4,0.0,104.45,4082.0,b'',Map My Fitness MapMyRun iPhone,http://www.mapmyfitness.com/workout/4089852901,25.133333333333333
421,2020-03-18,2020-03-18,Run,402,3.1,1575,8.45,0.74,7.1,81.13,0.0,4243.0,b'',Map My Fitness MapMyRun iPhone,http://www.mapmyfitness.com/workout/4088329708,26.25
422,2020-03-17,2020-03-17,Run,522,4.0,2183,9.1,0.0,6.6,0.0,104.45,5835.0,b'',Map My Fitness MapMyRun iPhone,http://www.mapmyfitness.com/workout/4084798513,36.38333333333333
423,2020-03-16,2020-03-16,Run,394,3.1,1489,8.01,0.0,7.49,0.0,104.45,4037.0,b'',Map My Fitness MapMyRun iPhone,http://www.mapmyfitness.com/workout/4084163539,24.816666666666666
424,2020-03-15,2020-03-15,Run,423,3.2,1800,9.38,0.0,6.4,0.0,104.45,4796.0,b'',Map My Fitness MapMyRun iPhone,http://www.mapmyfitness.com/workout/4081705027,30.0
425,2020-03-14,2020-03-14,Run,457,3.51,1800,8.55,0.0,7.02,0.0,104.45,4844.0,b'',Map My Fitness MapMyRun iPhone,http://www.mapmyfitness.com/workout/4079957656,30.0
426,2020-03-13,2020-03-13,Run,459,3.54,1800,8.47,0.0,7.08,0.0,104.45,4848.0,b'',Map My Fitness MapMyRun iPhone,http://www.mapmyfitness.com/workout/4078173571,30.0
427,2020-03-11,2020-03-11,Run,467,3.64,1800,8.24,0.0,7.28,0.0,104.45,4864.0,b'',Map My Fitness MapMyRun iPhone,http://www.mapmyfitness.com/workout/4074737089,30.0
428,2020-03-10,2020-03-10,Run,467,3.63,1800,8.26,0.0,7.26,0.0,104.45,4862.0,b'',Map My Fitness MapMyRun iPhone,http://www.mapmyfitness.com/workout/4072896940,30.0
429,2020-03-09,2020-03-09,Run,452,3.47,1800,8.65,0.0,6.94,0.0,104.45,4838.0,b'',Map My Fitness MapMyRun iPhone,http://www.mapmyfitness.com/workout/4070953777,30.0
430,2020-03-08,2020-03-08,Run,390,3.1,1466,7.88,0.0,7.61,0.0,104.45,3982.0,b'',Map My Fitness MapMyRun iPhone,http://www.mapmyfitness.com/workout/4070236633,24.433333333333334
431,2020-03-07,2020-03-07,Run,756,7.5,4009,8.91,1.58,6.74,38.09,157.0,10882.0,b'',Map My Fitness MapMyRun iPhone,http://www.mapmyfitness.com/workout/4068080200,66.81666666666666
432,2020-03-06,2020-03-06,Run,477,3.75,1800,8.0,0.0,7.5,0.0,104.45,4881.0,b'',Map My Fitness MapMyRun iPhone,http://www.mapmyfitness.com/workout/4065867481,30.0
433,2020-03-05,2020-03-05,Run,468,3.65,1800,8.22,0.0,7.3,0.0,104.45,4865.0,b'',Map My Fitness MapMyRun iPhone,http://www.mapmyfitness.com/workout/4064169217,30.0
434,2020-03-04,2020-03-04,Run,467,3.63,1800,8.26,0.0,7.26,0.0,104.45,4862.0,b'',Map My Fitness MapMyRun iPhone,http://www.mapmyfitness.com/workout/4062376723,30.0
435,2020-03-03,2020-03-03,Run,400,3.1,1551,8.34,0.0,7.2,0.0,104.45,4185.0,b'',Map My Fitness MapMyRun iPhone,http://www.mapmyfitness.com/workout/4060481257,25.85
436,2020-03-02,2020-03-02,Run,431,3.31,1731,8.72,0.0,6.88,0.0,104.45,4648.0,b'',Map My Fitness MapMyRun iPhone,http://www.mapmyfitness.com/workout/4058562091,28.85
437,2020-03-01,2020-03-01,Run,397,3.1,1518,8.16,0.0,7.35,0.0,104.45,4149.0,b'',Map My Fitness MapMyRun iPhone,http://www.mapmyfitness.com/workout/4057331452,25.3
438,2020-02-29,2020-02-29,Run,468,3.65,1800,8.22,0.0,7.3,0.0,104.45,4865.0,b'',Map My Fitness MapMyRun iPhone,http://www.mapmyfitness.com/workout/4055529913,30.0
439,2020-02-26,2020-02-26,Run,178,1.4,674,8.02,0.0,7.48,0.0,104.45,1587.0,b'',Map My Fitness MapMyRun iPhone,http://www.mapmyfitness.com/workout/4050514762,11.233333333333333
440,2020-02-26,2020-02-26,Run,403,3.1,1637,8.8,0.0,6.82,0.0,104.45,4391.0,b'',Map My Fitness MapMyRun iPhone,http://www.mapmyfitness.com/workout/4050493081,27.283333333333335
441,2020-02-24,2020-02-24,Run,403,3.1,1648,8.86,0.0,6.77,0.0,104.45,4417.0,b'',Map My Fitness MapMyRun iPhone,http://www.mapmyfitness.com/workout/4048447162,27.466666666666665
442,2020-02-23,2020-02-23,Run,292,3.1,1475,7.93,1.54,7.56,38.9,164.0,4063.0,b'',Map My Fitness MapMyRun iPhone,http://www.mapmyfitness.com/workout/4045768432,24.583333333333332
443,2020-02-22,2020-02-22,Run,399,3.1,1544,8.3,0.0,7.23,0.0,104.45,4169.0,b'',Map My Fitness MapMyRun iPhone,http://www.mapmyfitness.com/workout/4044053236,25.733333333333334
444,2020-02-21,2020-02-21,Run,461,3.56,1800,8.43,0.0,7.12,0.0,104.45,4851.0,b'',Map My Fitness MapMyRun iPhone,http://www.mapmyfitness.com/workout/4042047451,30.0
445,2020-02-20,2020-02-20,Run,949,7.32,3720,8.47,0.0,7.08,0.0,104.45,10021.0,b'',Map My Fitness MapMyRun iPhone,http://www.mapmyfitness.com/workout/4040617462,62.0
446,2020-02-18,2020-02-18,Run,450,3.46,1800,8.67,0.0,6.92,0.0,104.45,4836.0,b'',Map My Fitness MapMyRun iPhone,http://www.mapmyfitness.com/workout/4038258232,30.0
447,2020-02-17,2020-02-17,Run,403,3.1,1645,8.84,0.0,6.78,0.0,104.45,4410.0,b'',Map My Fitness MapMyRun iPhone,http://www.mapmyfitness.com/workout/4035496453,27.416666666666668
448,2020-02-16,2020-02-16,Run,403,3.1,1613,8.67,0.0,6.92,0.0,104.45,4350.0,b'',Map My Fitness MapMyRun iPhone,http://www.mapmyfitness.com/workout/4034314255,26.883333333333333
449,2020-02-15,2020-02-15,Run,506,3.89,2014,8.63,0.0,6.95,0.0,104.45,5414.0,b'',Map My Fitness MapMyRun iPhone,http://www.mapmyfitness.com/workout/4032812395,33.56666666666667
450,2020-02-12,2020-02-12,Run,437,3.36,1791,8.88,0.0,6.75,0.0,104.45,4799.0,b'',Map My Fitness MapMyRun iPhone,http://www.mapmyfitness.com/workout/4027460095,29.85
451,2020-02-11,2020-02-11,Run,419,3.15,1800,9.52,0.0,6.3,0.0,104.45,4789.0,b'',Map My Fitness MapMyRun iPhone,http://www.mapmyfitness.com/workout/4025806195,30.0
452,2020-02-10,2020-02-09,Run,422,3.19,1800,9.4,0.0,6.38,0.0,104.45,4795.0,b'',Map My Fitness MapMyRun iPhone,http://www.mapmyfitness.com/workout/4024105780,30.0
453,2020-02-05,2020-02-05,Run,424,3.22,1800,9.32,0.0,6.44,0.0,104.45,4799.0,b'',Map My Fitness MapMyRun iPhone,http://www.mapmyfitness.com/workout/4016791258,30.0
454,2020-02-05,2020-02-04,Run,472,3.52,2065,9.78,0.0,6.14,0.0,104.45,5479.0,b'',Map My Fitness MapMyRun iPhone,http://www.mapmyfitness.com/workout/4016793184,34.416666666666664
456,2020-02-02,2020-02-02,Run,407,3.13,1675,8.92,0.0,6.73,0.0,104.45,4486.0,b'',Map My Fitness MapMyRun iPhone,http://www.mapmyfitness.com/workout/4011684145,27.916666666666668
457,2020-01-29,2020-01-29,Run,486,3.61,2133,9.85,0.0,6.09,0.0,104.45,5656.0,b'',Map My Fitness MapMyRun iPhone,http://www.mapmyfitness.com/workout/4004733949,35.55
458,2020-01-28,2020-01-28,Run,631,4.86,2609,8.95,0.0,6.71,0.0,104.45,6986.0,b'',Map My Fitness MapMyRun iPhone,http://www.mapmyfitness.com/workout/4003068259,43.483333333333334
459,2020-01-27,2020-01-27,Run,464,3.38,2100,10.36,0.0,5.79,0.0,104.45,5541.0,b'',Map My Fitness MapMyRun iPhone,http://www.mapmyfitness.com/workout/4001232640,35.0
460,2020-01-26,2020-01-26,Run,462,3.36,2100,10.42,0.0,5.76,0.0,104.45,5538.0,b'',Map My Fitness MapMyRun iPhone,http://www.mapmyfitness.com/workout/4000007806,35.0
461,2020-01-25,2020-01-25,Run,460,3.33,2100,10.51,0.0,5.71,0.0,104.45,5534.0,b'',Map My Fitness MapMyRun iPhone,http://www.mapmyfitness.com/workout/3998382181,35.0
462,2020-01-24,2020-01-24,Run,473,3.49,2100,10.03,0.0,5.98,0.0,104.45,5558.0,b'',Map My Fitness MapMyRun iPhone,http://www.mapmyfitness.com/workout/3996567850,35.0
463,2020-01-20,2020-01-20,Run,585,4.21,2704,10.7,0.0,5.61,0.0,104.45,7113.0,b'',Map My Fitness MapMyRun iPhone,http://www.mapmyfitness.com/workout/3990251161,45.06666666666667
464,2020-01-18,2020-01-18,Run,451,3.22,2100,10.87,0.0,5.52,0.0,104.45,5517.0,b'',Map My Fitness MapMyRun iPhone,http://www.mapmyfitness.com/workout/3987186730,35.0
465,2020-01-18,2020-01-17,Run,469,3.4,2143,10.5,0.0,5.71,0.0,104.45,5647.0,b'',Map My Fitness MapMyRun iPhone,http://www.mapmyfitness.com/workout/3987157456,35.71666666666667
466,2020-01-18,2020-01-16,Run,393,2.89,1754,10.12,0.0,5.93,0.0,104.45,4639.0,b'',Map My Fitness MapMyRun iPhone,http://www.mapmyfitness.com/workout/3987158428,29.233333333333334
469,2020-01-11,2020-01-11,Run,452,3.26,2077,10.62,0.0,5.65,0.0,104.45,5468.0,b'',Map My Fitness MapMyRun iPhone,http://www.mapmyfitness.com/workout/3975829618,34.61666666666667
470,2020-01-10,2020-01-10,Run,461,3.27,2173,11.08,0.0,5.42,0.0,104.45,5699.0,b'',Map My Fitness MapMyRun iPhone,http://www.mapmyfitness.com/workout/3974146369,36.21666666666667
471,2020-01-10,2020-01-08,Run,465,3.4,2100,10.29,0.0,5.83,0.0,104.45,5544.0,b'',Map My Fitness MapMyRun iPhone,http://www.mapmyfitness.com/workout/3974147041,35.0
472,2020-01-08,2020-01-08,Run,465,3.39,2100,10.32,0.0,5.81,0.0,104.45,5531.0,b'',Map My Fitness MapMyRun iPhone,http://www.mapmyfitness.com/workout/3970498789,35.0
473,2020-01-08,2020-01-06,Run,402,2.92,2100,11.99,0.0,5.01,0.0,104.45,5471.0,b'',Map My Fitness MapMyRun iPhone,http://www.mapmyfitness.com/workout/3970507147,35.0
474,2020-01-05,2020-01-05,Run,480,3.57,2100,9.8,0.0,6.12,0.0,104.45,5570.0,b'',Map My Fitness MapMyRun iPhone,http://www.mapmyfitness.com/workout/3965877289,35.0
475,2020-01-05,2020-01-04,Run,476,3.52,2112,10.0,0.0,6.0,0.0,104.45,5592.0,b'',Map My Fitness MapMyRun iPhone,http://www.mapmyfitness.com/workout/3965794258,35.2
476,2020-01-01,2020-01-01,Run,403,3.1,1670,8.97,5.29,6.69,11.34,0.0,4573.0,b'',Map My Fitness MapMyRun iPhone,http://www.mapmyfitness.com/workout/3959942623,27.833333333333332
477,2019-12-30,2019-12-30,Run,476,3.63,2003,9.21,1.0,6.52,60.1,148.0,5478.0,b'',Map My Fitness MapMyRun iPhone,http://www.mapmyfitness.com/workout/3957426232,33.38333333333333
479,2019-12-28,2019-12-28,Run,205,1.58,840,8.89,0.96,6.75,62.2,0.0,2258.0,b'',Map My Fitness MapMyRun iPhone,http://www.mapmyfitness.com/workout/3954694765,14.0
480,2019-12-27,2019-12-27,Run,414,3.1,1796,9.66,0.34,6.21,175.1,146.0,4806.0,b'',Map My Fitness MapMyRun iPhone,http://www.mapmyfitness.com/workout/3953508952,29.933333333333334
481,2019-12-25,2019-12-25,Run,403,3.1,1623,8.73,0.41,6.87,145.18,0.0,4393.0,b'',Map My Fitness MapMyRun iPhone,http://www.mapmyfitness.com/workout/3950844169,27.05
482,2019-12-20,2019-12-20,Run,441,3.1,2102,11.3,0.0,5.31,0.0,104.45,5503.0,b'',Map My Fitness MapMyRun iPhone,http://www.mapmyfitness.com/workout/3944847634,35.03333333333333
483,2019-11-29,2019-11-29,Run,403,3.1,1628,8.75,1.11,6.86,54.26,161.0,4482.0,b'Awesome',Map My Fitness MapMyRun iPhone,http://www.mapmyfitness.com/workout/3919478809,27.133333333333333
484,2019-11-28,2019-11-28,Run,407,3.0,1810,10.05,0.64,5.97,93.88,0.0,4823.0,b'',Map My Fitness MapMyRun iPhone,http://www.mapmyfitness.com/workout/3918091954,30.166666666666668
485,2019-11-18,2019-11-18,Run,268,2.06,1089,8.8,1.39,6.82,43.1,0.0,2944.0,b'',Map My Fitness MapMyRun iPhone,http://www.mapmyfitness.com/workout/3904220104,18.15
486,2019-11-12,2019-11-12,Run,438,3.17,2006,10.55,18.36,5.69,3.27,169.0,8.0,b'',Map My Fitness MapMyRun iPhone,http://www.mapmyfitness.com/workout/3895132132,33.43333333333333
490,2019-11-03,2019-11-03,Run,412,3.0,1873,10.41,0.0,5.77,0.0,104.45,4940.0,b'',Map My Fitness MapMyRun iPhone,http://www.mapmyfitness.com/workout/3880417372,31.216666666666665
491,2019-11-02,2019-11-02,Run,440,3.09,2100,11.33,0.0,5.3,0.0,104.45,5497.0,b'',Map My Fitness MapMyRun iPhone,http://www.mapmyfitness.com/workout/3878623951,35.0
493,2019-10-27,2019-10-27,Run,258,2.01,998,8.28,1.03,7.24,58.42,0.0,2704.0,b'',Map My Fitness MapMyRun iPhone,http://www.mapmyfitness.com/workout/3869884612,16.633333333333333
494,2019-10-26,2019-10-26,Run,355,2.67,2040,12.71,0.86,4.72,69.98,144.0,4126.0,b'',Map My Fitness MapMyRun iPhone,http://www.mapmyfitness.com/workout/3868159213,34.0
495,2019-10-22,2019-10-22,Run,262,2.01,1066,8.82,0.87,6.8,68.75,158.0,2847.0,b'',Map My Fitness MapMyRun iPhone,http://www.mapmyfitness.com/workout/3862503169,17.766666666666666
497,2019-10-14,2019-10-14,Run,221,1.71,858,8.34,0.84,7.2,71.65,153.0,2369.0,b'',Map My Fitness MapMyRun iPhone,http://www.mapmyfitness.com/workout/3847372957,14.3
499,2019-10-06,2019-10-06,Run,202,1.59,761,7.97,0.92,7.53,65.5,0.0,2064.0,b'',Map My Fitness MapMyRun iPhone,http://www.mapmyfitness.com/workout/3833558014,12.683333333333334
501,2019-09-29,2019-09-29,Run,297,2.19,1321,10.06,0.66,5.96,90.48,0.0,3188.0,b'',Map My Fitness MapMyRun iPhone,http://www.mapmyfitness.com/workout/3820795873,22.016666666666666
504,2019-09-15,2019-09-15,Run,118,0.91,476,8.73,0.76,6.87,79.25,0.0,1281.0,b'',Map My Fitness MapMyRun iPhone,http://www.mapmyfitness.com/workout/3793100851,7.933333333333334
507,2019-09-12,2019-09-09,Run,177,1.84,1184,10.73,0.79,5.59,76.05,122.0,2809.0,b'',Map My Fitness MapMyRun iPhone,http://www.mapmyfitness.com/workout/3788428462,19.733333333333334
508,2019-09-07,2019-09-07,Run,398,3.01,1700,9.41,1.56,6.38,38.39,104.45,3209.0,b'',Map My Fitness MapMyRun iPhone,http://www.mapmyfitness.com/workout/3778110010,28.333333333333332
509,2019-09-04,2019-09-04,Run,235,2.51,1488,9.83,3.15,6.11,19.03,141.0,3772.0,b'',Map My Fitness MapMyRun iPhone,http://www.mapmyfitness.com/workout/3771185662,24.8
512,2019-08-30,2019-08-30,Run,193,1.51,739,8.17,0.03,7.34,1814.43,164.0,2081.0,b'',Map My Fitness MapMyRun iPhone,http://www.mapmyfitness.com/workout/3761826181,12.316666666666666
514,2019-08-24,2019-08-24,Run,527,4.0,2236,9.31,0.92,6.45,65.09,0.0,6278.0,b'',Map My Fitness MapMyRun iPhone,http://www.mapmyfitness.com/workout/3749492284,37.266666666666666
517,2019-08-22,2019-08-22,Run,402,3.1,1639,8.82,0.66,6.8,91.25,0.0,4395.0,b'',Map My Fitness MapMyRun iPhone,http://www.mapmyfitness.com/workout/3746446330,27.316666666666666
519,2019-08-21,2019-08-21,Run,153,1.12,682,10.11,1.04,5.93,57.89,0.0,1803.0,b'',Map My Fitness MapMyRun iPhone,http://www.mapmyfitness.com/workout/3744582919,11.366666666666667
521,2019-08-21,2019-08-21,Run,218,1.68,859,8.55,0.83,7.02,71.98,0.0,2312.0,b'',Map My Fitness MapMyRun iPhone,http://www.mapmyfitness.com/workout/3744551887,14.316666666666666
522,2019-08-21,2019-08-21,Run,506,3.68,2649,12.0,0.0,5.0,0.0,104.45,6900.0,b'',Map My Fitness MapMyRun iPhone,http://www.mapmyfitness.com/workout/3742660672,44.15
523,2019-08-18,2019-08-18,Run,131,1.0,523,8.67,6.07,6.92,9.89,0.0,1436.0,b'',Map My Fitness MapMyRun iPhone,http://www.mapmyfitness.com/workout/3737798110,8.716666666666667
524,2019-08-18,2019-08-18,Run,130,1.0,503,8.34,1.54,7.19,38.97,0.0,1375.0,b'',Map My Fitness MapMyRun iPhone,http://www.mapmyfitness.com/workout/3737741851,8.383333333333333
526,2019-08-15,2019-08-15,Run,342,2.63,1351,8.57,2.45,7.0,24.45,151.0,3605.0,b'',Map My Fitness MapMyRun iPhone,http://www.mapmyfitness.com/workout/3732258625,22.516666666666666
528,2019-08-14,2019-08-14,Run,405,3.1,1698,9.13,0.86,6.57,70.02,0.0,4537.0,b'',Map My Fitness MapMyRun iPhone,http://www.mapmyfitness.com/workout/3729250807,28.3
530,2019-08-13,2019-08-13,Run,403,3.1,1636,8.8,0.89,6.82,67.46,0.0,4389.0,b'',Map My Fitness MapMyRun iPhone,http://www.mapmyfitness.com/workout/3727027552,27.266666666666666
532,2019-08-11,2019-08-11,Run,403,3.1,1631,8.77,0.83,6.84,71.98,0.0,4376.0,b'',Map My Fitness MapMyRun iPhone,http://www.mapmyfitness.com/workout/3723592423,27.183333333333334
534,2019-08-10,2019-08-10,Run,51,0.39,206,8.75,6.76,6.85,8.88,0.0,553.0,b'',Map My Fitness MapMyRun iPhone,http://www.mapmyfitness.com/workout/3721330957,3.433333333333333
536,2019-08-10,2019-08-10,Run,130,1.0,507,8.45,0.93,7.1,64.73,0.0,1366.0,b'',Map My Fitness MapMyRun iPhone,http://www.mapmyfitness.com/workout/3721233256,8.45
538,2019-08-08,2019-08-08,Run,197,2.27,1077,7.89,0.8,7.61,75.25,157.0,2958.0,b'',Map My Fitness MapMyRun iPhone,http://www.mapmyfitness.com/workout/3716692102,17.95
540,2019-08-07,2019-08-07,Run,26,0.2,113,9.42,0.92,6.37,65.49,0.0,301.0,b'',Map My Fitness MapMyRun iPhone,http://www.mapmyfitness.com/workout/3714548077,1.8833333333333333
544,2019-08-03,2019-08-03,Run,409,3.1,1738,9.34,0.83,6.42,72.54,104.45,4632.0,b'Awesome',Map My Fitness MapMyRun iPhone,http://www.mapmyfitness.com/workout/3705987697,28.966666666666665
546,2019-08-01,2019-08-01,Run,240,1.83,1005,9.15,0.92,6.56,65.38,0.0,2685.0,b'',Map My Fitness MapMyRun iPhone,http://www.mapmyfitness.com/workout/3701772451,16.75
547,2019-07-30,2019-07-30,Run,266,2.04,1054,8.6,0.9,6.98,66.43,0.0,2834.0,b'',Map My Fitness MapMyRun iPhone,http://www.mapmyfitness.com/workout/3698999032,17.566666666666666
549,2019-07-29,2019-07-29,Run,131,1.01,537,8.84,4.44,6.79,13.52,0.0,1459.0,b'',Map My Fitness MapMyRun iPhone,http://www.mapmyfitness.com/workout/3695228557,8.95
551,2019-07-28,2019-07-28,Run,183,1.4,724,8.59,0.78,6.98,76.94,0.0,1947.0,b'',Map My Fitness MapMyRun iPhone,http://www.mapmyfitness.com/workout/3694188826,12.066666666666666
553,2019-07-25,2019-07-25,Run,407,3.1,1720,9.26,5.25,6.48,11.43,0.0,4711.0,b'',Map My Fitness MapMyRun iPhone,http://www.mapmyfitness.com/workout/3689052346,28.666666666666668
554,2019-07-23,2019-07-23,Run,419,3.1,1859,10.0,5.24,6.0,11.46,0.0,5096.0,b'',Map My Fitness MapMyRun iPhone,http://www.mapmyfitness.com/workout/3683265997,30.983333333333334
556,2019-07-21,2019-07-21,Run,354,2.63,1557,9.87,6.55,6.08,9.16,0.0,4214.0,b'',Map My Fitness MapMyRun iPhone,http://www.mapmyfitness.com/workout/3680076814,25.95
557,2019-07-21,2019-07-21,Run,66,0.49,289,9.87,6.0,6.08,9.99,0.0,753.0,b'',Map My Fitness MapMyRun iPhone,http://www.mapmyfitness.com/workout/3680044450,4.816666666666666
561,2019-07-20,2019-07-20,Run,133,1.0,572,9.48,3.12,6.33,19.24,0.0,1564.0,b'',Map My Fitness MapMyRun iPhone,http://www.mapmyfitness.com/workout/3677919169,9.533333333333333
563,2019-07-20,2019-07-20,Run,130,1.0,512,8.49,4.82,7.07,12.45,0.0,1379.0,b'',Map My Fitness MapMyRun iPhone,http://www.mapmyfitness.com/workout/3677848312,8.533333333333333
566,2019-07-18,2019-07-18,Run,295,2.21,1288,9.73,2.61,6.16,23.01,0.0,3487.0,b'',Map My Fitness MapMyRun iPhone,http://www.mapmyfitness.com/workout/3675161008,21.466666666666665
568,2019-07-17,2019-07-17,Run,429,3.21,1863,9.67,3.93,6.2,15.28,0.0,5090.0,b'Just a little further....',Map My Fitness MapMyRun iPhone,http://www.mapmyfitness.com/workout/3672009265,31.05
570,2019-07-16,2019-07-16,Run,135,1.01,586,9.64,6.37,6.22,9.41,0.0,1573.0,b'',Map My Fitness MapMyRun iPhone,http://www.mapmyfitness.com/workout/3669776275,9.766666666666667
571,2019-07-16,2019-07-16,Run,136,1.03,583,9.47,6.64,6.34,9.03,0.0,1564.0,b'',Map My Fitness MapMyRun iPhone,http://www.mapmyfitness.com/workout/3669716275,9.716666666666667
574,2019-07-14,2019-07-14,Run,228,1.68,1020,10.13,2.94,5.93,20.4,0.0,2544.0,b'',Map My Fitness MapMyRun iPhone,http://www.mapmyfitness.com/workout/3666286837,17.0
576,2019-07-13,2019-07-13,Run,207,2.43,1357,9.29,1.12,6.46,53.66,156.0,3709.0,b'',Map My Fitness MapMyRun iPhone,http://www.mapmyfitness.com/workout/3664747771,22.616666666666667
577,2019-07-12,2019-07-12,Run,193,1.5,743,8.22,3.78,7.3,15.87,0.0,2010.0,b'',Map My Fitness MapMyRun iPhone,http://www.mapmyfitness.com/workout/3663065860,12.383333333333333
581,2019-07-11,2019-07-11,Run,411,3.1,1765,9.49,1.76,6.32,34.16,0.0,4769.0,b'',Map My Fitness MapMyRun iPhone,http://www.mapmyfitness.com/workout/3660935941,29.416666666666668
582,2019-08-21,2019-07-10,Run,198,2.25,1055,7.82,4.51,7.67,13.29,164.0,2934.0,b'',Map My Fitness MapMyRun iPhone,http://www.mapmyfitness.com/workout/3742660186,17.583333333333332
583,2019-07-10,2019-07-10,Run,283,2.24,1065,7.92,0.0,7.57,0.0,104.45,2891.0,b'',Map My Fitness MapMyRun iPhone,http://www.mapmyfitness.com/workout/3657693883,17.75
588,2019-07-09,2019-07-09,Run,267,2.01,1153,9.56,0.0,6.28,0.0,104.45,3066.0,b'',Map My Fitness MapMyRun iPhone,http://www.mapmyfitness.com/workout/3655213093,19.216666666666665
596,2019-07-07,2019-07-07,Run,101,1.04,549,8.81,0.9,6.81,66.57,148.0,1487.0,b'',Map My Fitness MapMyRun iPhone,http://www.mapmyfitness.com/workout/3651180013,9.15
598,2019-07-06,2019-07-06,Run,164,1.52,830,9.09,0.87,6.6,68.78,160.0,2212.0,b'',Map My Fitness MapMyRun iPhone,http://www.mapmyfitness.com/workout/3650089444,13.833333333333334
600,2019-07-05,2019-07-05,Run,156,1.52,843,9.24,0.85,6.49,71.0,160.0,2313.0,b'',Map My Fitness MapMyRun iPhone,http://www.mapmyfitness.com/workout/3647553409,14.05
603,2019-07-04,2019-07-04,Run,156,1.53,816,8.88,0.99,6.76,60.91,159.0,2215.0,b'',Map My Fitness MapMyRun iPhone,http://www.mapmyfitness.com/workout/3645336184,13.6
606,2019-07-02,2019-07-02,Run,95,1.02,552,9.02,0.34,6.65,174.52,148.0,1439.0,b'',Map My Fitness MapMyRun iPhone,http://www.mapmyfitness.com/workout/3640904221,9.2
611,2019-06-29,2019-06-29,Run,118,1.27,693,9.13,3.32,6.57,18.06,150.0,1824.0,b'',Map My Fitness MapMyRun iPhone,http://www.mapmyfitness.com/workout/3635614282,11.55
641,2019-05-19,2019-05-19,Run,419,3.11,2197,11.69,2.06,5.13,29.17,139.0,5295.0,b'',Map My Fitness MapMyRun iPhone,http://www.mapmyfitness.com/workout/3553578067,36.61666666666667
643,2019-05-13,2019-05-13,Run,258,1.96,1214,10.32,2.67,5.82,22.45,0.0,3209.0,b'',Map My Fitness MapMyRun iPhone,http://www.mapmyfitness.com/workout/3541907848,20.233333333333334
